module,blueprint,route,full_path,methods,function_name,auth_guards,line
blueprints/index/views.py,bp_index,/,/,GET,vue_index,,19
blueprints/auth/views_async.py,bp_async,/,/async,GET,async_api,,92
blueprints/auth/views_async.py,bp_async,/download/<task_id>,/async/download/<task_id>,GET,download_task_api,,300
blueprints/auth/views_async.py,bp_async,/status/<task_id>,/async/status/<task_id>,GET,status_task_api,,276
blueprints/auth/views_async.py,bp_async,/table_export,/async/table_export,GET|POST,table_export_api,,205
blueprints/auth/views_async.py,bp_async,/table_import,/async/table_import,GET|POST,table_import_api,,121
blueprints/auth/views_async.py,bp_async,/table_import/crm,/async/table_import/crm,GET|POST,table_import_api,,123
blueprints/auth/views_async.py,bp_async,/table_import/sync,/async/table_import/sync,GET|POST,table_import_api,,122
blueprints/auth/views_async.py,bp_async,/upload/file,/async/upload/file,GET|POST|PUT|DELETE,upload_file_api,,333
blueprints/auth/views_async.py,bp_async,/upload/file/<task_id>,/async/upload/file/<task_id>,GET|POST|PUT|DELETE,upload_file_api,,334
blueprints/auth/views.py,bp_auth,/company,/auth/company,GET|POST|PUT|DELETE,company_api,,119
blueprints/auth/views.py,bp_auth,/company/<company_id>,/auth/company/<company_id>,GET|POST|PUT|DELETE,company_api,,120
blueprints/auth/views.py,bp_auth,/company/<company_id>/image,/auth/company/<company_id>/image,GET|POST|PUT|DELETE,company_image_api,,163
blueprints/auth/views.py,bp_auth,/config,/auth/config,GET|POST|PUT,config_api,,533
blueprints/auth/views.py,bp_auth,/config/<config_id>,/auth/config/<config_id>,GET|POST|PUT,config_api,,534
blueprints/auth/views.py,bp_auth,/current_tenant,/auth/current_tenant,GET|POST|PUT,current_tenant_api,,342
blueprints/auth/views.py,bp_auth,/current_user,/auth/current_user,GET|POST,current_user_api,,316
blueprints/auth/views.py,bp_auth,/login,/auth/login,GET|POST,login_api,,191
blueprints/auth/views.py,bp_auth,/login/pda,/auth/login/pda,GET|POST,login_pda_api,,248
blueprints/auth/views.py,bp_auth,/logoff/<company_code>,/auth/logoff/<company_code>,GET|POST,logoff_api,,642
blueprints/auth/views.py,bp_auth,/logout,/auth/logout,GET|POST,logout_api,,285
blueprints/auth/views.py,bp_auth,/logout/pda,/auth/logout/pda,GET|POST,logout_api,,286
blueprints/auth/views.py,bp_auth,/register,/auth/register,GET|POST,register_api,,38
blueprints/auth/views.py,bp_auth,/register/code,/auth/register/code,GET|POST,register_code_api,,100
blueprints/auth/views.py,bp_auth,/setting,/auth/setting,GET|POST|PUT,setting_api,,591
blueprints/auth/views.py,bp_auth,/translation,/auth/translation,GET|POST|OPTIONS,translation_api,,505
blueprints/auth/views.py,bp_auth,/user,/auth/user,GET|POST|PUT|DELETE,user_api,,384
blueprints/auth/views.py,bp_auth,/user/<user_id>,/auth/user/<user_id>,GET|POST|PUT|DELETE,user_api,,385
blueprints/auth/views.py,bp_auth,/user/client,/auth/user/client,GET|POST|PUT|DELETE,user_client_api,,467
blueprints/auth/views.py,bp_auth,/user/reset-passwd,/auth/user/reset-passwd,GET|POST|PUT|DELETE,user_reset_passwd_api,,493
blueprints/index/chart_views.py,bp_chart,/money/count,/chart/money/count,GET|POST|PUT|PATCH|DELETE,money_count_api,,126
blueprints/index/chart_views.py,bp_chart,/money/count/<mtype>,/chart/money/count/<mtype>,GET|POST|PUT|PATCH|DELETE,money_count_api,,127
blueprints/index/chart_views.py,bp_chart,/order/count,/chart/order/count,GET|POST|PUT|PATCH|DELETE,order_count_api,,33
blueprints/index/chart_views.py,bp_chart,/order/count/week,/chart/order/count/week,GET|POST|PUT|PATCH|DELETE,order_count_week_api,,76
blueprints/index/chart_views.py,bp_chart,/order/count/year,/chart/order/count/year,GET|POST|PUT|PATCH|DELETE,order_count_year_api,,42
blueprints/index/views.py,bp_index,/erp,/erp,GET,vue_index,,20
blueprints/finance/views.py,bp_finance,/money,/finance/money,GET|POST|PUT|PATCH|DELETE,money_api,,36
blueprints/finance/views.py,bp_finance,/money/<action>/<int:money_id>,/finance/money/<action>/<int:money_id>,GET|POST|PUT|PATCH|DELETE,money_action_api,,120
blueprints/finance/views.py,bp_finance,/money/<int:money_id>,/finance/money/<int:money_id>,GET|POST|PUT|PATCH|DELETE,money_api,,37
blueprints/finance/views.py,bp_finance,/money/account,/finance/money/account,GET|POST|PUT|PATCH|DELETE,money_account_api,,234
blueprints/finance/views.py,bp_finance,/money/account/<int:account_id>,/finance/money/account/<int:account_id>,GET|POST|PUT|PATCH|DELETE,money_account_api,,235
blueprints/finance/views.py,bp_finance,/money/month/summary,/finance/money/month/summary,GET|POST,money_month_summary_api,,172
blueprints/finance/views.py,bp_finance,/money/summary,/finance/money/summary,GET|POST|PUT|PATCH|DELETE,money_summary_api,,154
blueprints/finance/views.py,bp_finance,/money/trans/<int:money_id>,/finance/money/trans/<int:money_id>,GET|POST|PUT|PATCH|DELETE,money_trans_api,,143
blueprints/finance/stat_views.py,bp_finance_stat,/goods/stockin,/finance/stat/goods/stockin,GET|POST|PUT|PATCH|DELETE,goods_stockin_api,,58
blueprints/finance/stat_views.py,bp_finance_stat,/goods/stockin/detail,/finance/stat/goods/stockin/detail,GET|POST|PUT|PATCH|DELETE,goods_stockin_api,,59
blueprints/finance/stat_views.py,bp_finance_stat,/goods/stockout,/finance/stat/goods/stockout,GET|POST|PUT|PATCH|DELETE,goods_stockout_api,,228
blueprints/finance/stat_views.py,bp_finance_stat,/goods/stockout/detail,/finance/stat/goods/stockout/detail,GET|POST|PUT|PATCH|DELETE,goods_stockout_api,,229
blueprints/finance/stat_views.py,bp_finance_stat,/partner/summary,/finance/stat/partner/summary,GET|POST|PUT|PATCH|DELETE,partner_summary_api,,394
blueprints/inv/views.py,bp_inv,/adjust,/inv/adjust,GET|POST|PUT|DELETE,adjust_api,,939
blueprints/inv/views.py,bp_inv,/adjust/<line_id>,/inv/adjust/<line_id>,GET|POST|PUT|DELETE,adjust_api,,940
blueprints/inv/views.py,bp_inv,/adjust/exec/<series_code>,/inv/adjust/exec/<series_code>,POST,adjust_exec_api,,988
blueprints/inv/views.py,bp_inv,/asset,/inv/asset,GET|POST|PUT|PATCH|DELETE,inv_asset_api,,1229
blueprints/inv/views.py,bp_inv,/count,/inv/count,GET|POST|PUT|DELETE,count_api,,1009
blueprints/inv/views.py,bp_inv,/count/<line_id>,/inv/count/<line_id>,GET|POST|PUT|DELETE,count_api,,1011
blueprints/inv/views.py,bp_inv,/count/cancel/<series_code>,/inv/count/cancel/<series_code>,GET|POST,count_cancel_api,,1122
blueprints/inv/views.py,bp_inv,/count/create_lines,/inv/count/create_lines,GET|POST|PUT|DELETE,count_api,,1010
blueprints/inv/views.py,bp_inv,/count/pda,/inv/count/pda,GET|POST|PUT|DELETE,count_api,,1012
blueprints/inv/views.py,bp_inv,/count/to_adjust/<series_code>,/inv/count/to_adjust/<series_code>,POST,count_to_adjust_api,,1097
blueprints/inv/views.py,bp_inv,/count/to_adjust/<series_code>/exec,/inv/count/to_adjust/<series_code>/exec,POST,count_to_adjust_api,,1098
blueprints/inv/views_freeze.py,bp_inv_freeze,/do,/inv/freeze/do,GET|POST,freeze_do_api,,36
blueprints/inv/views_freeze.py,bp_inv_freeze,/undo,/inv/freeze/undo,GET|POST,unfreeze_undo_api,,50
blueprints/inv/views.py,bp_inv,/good,/inv/good,GET|POST|PUT|PATCH|DELETE,good_api,,307
blueprints/inv/views.py,bp_inv,/good/<good_id>/ad_image,/inv/good/<good_id>/ad_image,GET|POST|PUT|DELETE,good_ad_image_api,,639
blueprints/inv/views.py,bp_inv,/good/<good_id>/image,/inv/good/<good_id>/image,GET|POST|PUT|DELETE,good_image_api,,569
blueprints/inv/views.py,bp_inv,/good/<good_id>/ondown,/inv/good/<good_id>/ondown,GET|POST|PUT|DELETE,good_ondown_api,,681
blueprints/inv/views.py,bp_inv,/good/supply_demand,/inv/good/supply_demand,GET|POST|PUT|PATCH|DELETE,good_supply_demand_api,,449
blueprints/inv/views.py,bp_inv,/good/v2,/inv/good/v2,GET|POST|PUT|PATCH|DELETE,good_api,,308
blueprints/inv/views.py,bp_inv,/inv,/inv/inv,GET|POST|PUT|PATCH|DELETE,inv_api,,35
blueprints/inv/views.py,bp_inv,/inv/<sku>,/inv/inv/<sku>,GET|POST|PUT|PATCH|DELETE,inv_sku_api,,104
blueprints/inv/views.py,bp_inv,/inv/<sku>/<location_code>,/inv/inv/<sku>/<location_code>,GET|POST|PUT|PATCH|DELETE,inv_sku_api,,105
blueprints/inv/views.py,bp_inv,/move,/inv/move,GET|POST|PUT|DELETE,move_api,,707
blueprints/inv/views.py,bp_inv,/move/<line_id>,/inv/move/<line_id>,GET|POST|PUT|DELETE,move_api,,708
blueprints/inv/views.py,bp_inv,/move/autolocation,/inv/move/autolocation,POST|DELETE,move_autolocation_api,,914
blueprints/inv/views.py,bp_inv,/move/autolocation/lines,/inv/move/autolocation/lines,POST|DELETE,move_autolocation_api,,915
blueprints/inv/views.py,bp_inv,/move/cancel/<series_code>,/inv/move/cancel/<series_code>,GET|POST,move_cancel_api,,836
blueprints/inv/views.py,bp_inv,/move/done/<series_code>,/inv/move/done/<series_code>,GET|POST,move_done_api,,854
blueprints/inv/views.py,bp_inv,/move/exec/<series_code>,/inv/move/exec/<series_code>,POST,move_exec_api,,795
blueprints/inv/views.py,bp_inv,/move/exec/<series_code>/part,/inv/move/exec/<series_code>/part,POST,move_exec_api,,796
blueprints/inv/views.py,bp_inv,/move/exec_in/<series_code>,/inv/move/exec_in/<series_code>,POST,move_exec_in_api,,893
blueprints/inv/views.py,bp_inv,/move/exec_out/<series_code>,/inv/move/exec_out/<series_code>,POST,move_exec_out_api,,872
blueprints/inv/views.py,bp_inv,/move/one,/inv/move/one,GET|POST|PUT|DELETE,move_api,,709
blueprints/inv/views_replenish.py,bp_inv_replenish,/compute/move,/inv/replenish/compute/move,GET|POST|PUT|PATCH|DELETE,compute_move_api,,34
blueprints/inv/views_replenish.py,bp_inv_replenish,/invwarn,/inv/replenish/invwarn,GET|POST|PUT|PATCH|DELETE,invwarn_api,,150
blueprints/inv/views.py,bp_inv,/rfid,/inv/rfid,GET|POST|PUT|PATCH|DELETE,rfid_api,,146
blueprints/inv/views.py,bp_inv,/rfid/gen,/inv/rfid/gen,GET|POST|PUT|PATCH|DELETE,rfid_gen_api,,206
blueprints/inv/views.py,bp_inv,/rfid/gen/download,/inv/rfid/gen/download,GET|POST|PUT|PATCH|DELETE,rfid_gen_api,,207
blueprints/inv/views.py,bp_inv,/rfid/gen/print,/inv/rfid/gen/print,GET|POST|PUT|PATCH|DELETE,rfid_gen_api,,208
blueprints/inv/views.py,bp_inv,/rfid/history/<rfid>,/inv/rfid/history/<rfid>,GET|POST|PUT|PATCH|DELETE,rfid_history_api,,191
blueprints/inv/views.py,bp_inv,/warn/high,/inv/warn/high,GET|POST,warn_high_api,,1141
blueprints/inv/views.py,bp_inv,/warn/low,/inv/warn/low,GET|POST,warn_low_api,,1181
blueprints/qimen/views.py,bp_qimen,/,/open/qimen,GET|POST|PUT|PATCH|DELETE,qimen_api,,37
blueprints/qimen/views.py,bp_qimen,/confirm/<inout>/<order_id>,/open/qimen/confirm/<inout>/<order_id>,GET|POST|PUT|PATCH|DELETE,confirm_api,,90
blueprints/qimen/views.py,bp_qimen,/confirm/backtest,/open/qimen/confirm/backtest,GET|POST|PUT|PATCH|DELETE,confirm_backtest_api,,99
blueprints/qimen/views.py,bp_qimen,/confirm/backtest/xml,/open/qimen/confirm/backtest/xml,GET|POST|PUT|PATCH|DELETE,confirm_backtest_api,,100
blueprints/qimen/views.py,bp_qimen,/xml,/open/qimen/xml,GET|POST|PUT|PATCH|DELETE,qimen_api,,38
blueprints/index/views.py,bp_index,/pda,/pda,GET,vue_pda_index,,40
blueprints/stockin/views.py,bp_stockin,/<int:stockin_id>/autolocation,/stockin/<int:stockin_id>/autolocation,POST|DELETE,stockin_autolocation_api,,192
blueprints/stockin/views.py,bp_stockin,/<int:stockin_id>/autolocation/lines,/stockin/<int:stockin_id>/autolocation/lines,POST|DELETE,stockin_autolocation_api,,193
blueprints/stockin/views.py,bp_stockin,/<int:stockin_id>/line,/stockin/<int:stockin_id>/line,POST|DELETE,stockin_line_api,,156
blueprints/stockin/views.py,bp_stockin,/<int:stockin_id>/line/<line_id>,/stockin/<int:stockin_id>/line/<line_id>,POST|DELETE,stockin_line_api,,157
blueprints/stockin/views.py,bp_stockin,/cancel/<stockin_id>,/stockin/cancel/<stockin_id>,GET|POST,cancel_api,,525
blueprints/stockin/views.py,bp_stockin,/check,/stockin/check,GET|POST,check_api,,541
blueprints/stockin/views.py,bp_stockin,/done/<stockin_id>,/stockin/done/<stockin_id>,GET|POST,done_api,,511
blueprints/stockin/views.py,bp_stockin,/putin/<stockin_id>,/stockin/putin/<stockin_id>,GET|POST,putin_api,,252
blueprints/stockin/views.py,bp_stockin,/putin/rfid/<stockin_id>,/stockin/putin/rfid/<stockin_id>,GET|POST,putin_rfid_api,,331
blueprints/stockin/views.py,bp_stockin,/putin/rfid/<stockin_id>/overcharge,/stockin/putin/rfid/<stockin_id>/overcharge,GET|POST,putin_rfid_api,,332
blueprints/stockin/views.py,bp_stockin,/putin/rfid/no-order,/stockin/putin/rfid/no-order,GET|POST,putin_rfid_no_order_api,,395
blueprints/stockin/views.py,bp_stockin,/putin/rfid/no-order/overcharge,/stockin/putin/rfid/no-order/overcharge,GET|POST,putin_rfid_no_order_api,,396
blueprints/stockin/views.py,bp_stockin,/recommend/location/<stockin_line_id>,/stockin/recommend/location/<stockin_line_id>,GET,recommend_location,,491
blueprints/stockin/views.py,bp_stockin,/recommend/location/sku/<sku>,/stockin/recommend/location/sku/<sku>,GET,recommend_location_by_sku,,501
blueprints/stockin/views.py,bp_stockin,/recommend/location/sku/<sku>/<location>,/stockin/recommend/location/sku/<sku>/<location>,GET,recommend_location_by_sku,,502
blueprints/stockin/views.py,bp_stockin,/reverse/<order_id>,/stockin/reverse/<order_id>,GET|POST|PUT|PATCH|DELETE,stockin_reverse_api,,606
blueprints/stockin/views.py,bp_stockin,/stockin,/stockin/stockin,GET|POST|PUT|PATCH|DELETE,stockin_api,,27
blueprints/stockin/views.py,bp_stockin,/stockin/info,/stockin/stockin/info,GET|POST|PUT|PATCH|DELETE,stockin_info_api,,135
blueprints/stockin/views.py,bp_stockin,/stockin/one/<order_id>,/stockin/stockin/one/<order_id>,GET|POST|PUT|PATCH|DELETE,stockin_one_api,,72
blueprints/stockin/views.py,bp_stockin,/to_move/<stockin_id>,/stockin/to_move/<stockin_id>,GET|POST,to_move_api,,592
blueprints/stockin/views.py,bp_stockin,/trans/<stockin_id>,/stockin/trans/<stockin_id>,GET,trans_api,,215
blueprints/stockin/views.py,bp_stockin,/trans/<stockin_id>/line/<stockin_line_id>,/stockin/trans/<stockin_id>/line/<stockin_line_id>,GET,trans_api,,216
blueprints/stockout/views.py,bp_stockout,/<stockout_id>/line,/stockout/<stockout_id>/line,GET|POST|PUT|PATCH|DELETE,stockout_line_api,,175
blueprints/stockout/views.py,bp_stockout,/<stockout_id>/line/<line_id>,/stockout/<stockout_id>/line/<line_id>,GET|POST|PUT|PATCH|DELETE,stockout_line_api,,176
blueprints/stockout/views.py,bp_stockout,/alloc/<stockout_id>,/stockout/alloc/<stockout_id>,GET|POST,alloc_api,,250
blueprints/stockout/views.py,bp_stockout,/alloc/<stockout_id>/line,/stockout/alloc/<stockout_id>/line,GET|POST,alloc_line_api,,311
blueprints/stockout/views.py,bp_stockout,/alloc/<stockout_id>/line/<line_id>,/stockout/alloc/<stockout_id>/line/<line_id>,GET|POST,alloc_line_api,,312
blueprints/stockout/views.py,bp_stockout,/alloc/<stockout_id>/line/<line_id>/inv,/stockout/alloc/<stockout_id>/line/<line_id>/inv,GET|POST,alloc_line_inv,,439
blueprints/stockout/views.py,bp_stockout,/alloc/<stockout_id>/line/specify,/stockout/alloc/<stockout_id>/line/specify,GET|POST,alloc_line_specify_api,,385
blueprints/stockout/views.py,bp_stockout,/cancel/<stockout_id>,/stockout/cancel/<stockout_id>,GET|POST,cancel_api,,233
blueprints/stockout/views.py,bp_stockout,/cancel_alloc/<stockout_id>,/stockout/cancel_alloc/<stockout_id>,GET|POST,cancel_alloc_api,,796
blueprints/stockout/views.py,bp_stockout,/cancel_alloc/<stockout_id>/line/<line_id>,/stockout/cancel_alloc/<stockout_id>/line/<line_id>,GET|POST,cancel_alloc_api,,797
blueprints/stockout/views.py,bp_stockout,/check_pick,/stockout/check_pick,GET|POST,check_pick_api,,645
blueprints/stockout/views.py,bp_stockout,/check_pick/<stockout_id>,/stockout/check_pick/<stockout_id>,GET|POST,check_pick_api,,646
blueprints/stockout/views.py,bp_stockout,/check_pick/query/<stockout_id>/line,/stockout/check_pick/query/<stockout_id>/line,POST,check_pick_query_api,,621
blueprints/stockout/views.py,bp_stockout,/check_pick/rfid/<stockout_id>,/stockout/check_pick/rfid/<stockout_id>,GET|POST,check_pick_api,,647
blueprints/stockout/views.py,bp_stockout,/done/<stockout_id>,/stockout/done/<stockout_id>,GET|POST,done_api,,200
blueprints/stockout/views_merge.py,bp_merge,/,/stockout/merge,GET|POST|PUT|PATCH|DELETE,merge_api,,32
blueprints/stockout/views_merge.py,bp_merge,/alloc/<order_id>,/stockout/merge/alloc/<order_id>,GET|POST|PUT|PATCH|DELETE,merge_alloc_api,,173
blueprints/stockout/views_merge.py,bp_merge,/one/<order_id>,/stockout/merge/one/<order_id>,GET|POST|PUT|PATCH|DELETE,merge_one_api,,62
blueprints/stockout/views_merge.py,bp_merge,/pick/<order_id>,/stockout/merge/pick/<order_id>,GET|POST|PUT|PATCH|DELETE,merge_pick_api,,250
blueprints/stockout/views_merge.py,bp_merge,/throw/<order_id>,/stockout/merge/throw/<order_id>,GET|POST|PUT|PATCH|DELETE,merge_throw_api,,156
blueprints/stockout/views.py,bp_stockout,/part_pick/<stockout_id>,/stockout/part_pick/<stockout_id>,GET|POST,part_pick_api,,520
blueprints/stockout/views.py,bp_stockout,/part_pick/<stockout_id>/line/<line_id>,/stockout/part_pick/<stockout_id>/line/<line_id>,GET|POST,part_pick_api,,521
blueprints/stockout/views.py,bp_stockout,/quick_pick,/stockout/quick_pick,GET|POST,quick_pick_api,,457
blueprints/stockout/views.py,bp_stockout,/quick_pick/<stockout_id>,/stockout/quick_pick/<stockout_id>,GET|POST,quick_pick_api,,458
blueprints/stockout/views.py,bp_stockout,/reverse/<order_id>,/stockout/reverse/<order_id>,GET|POST|PUT|PATCH|DELETE,stockout_reverse_api,,1086
blueprints/stockout/views.py,bp_stockout,/ship,/stockout/ship,GET|POST,ship_api,,818
blueprints/stockout/views.py,bp_stockout,/ship/<stockout_id>,/stockout/ship/<stockout_id>,GET|POST,ship_api,,819
blueprints/stockout/views.py,bp_stockout,/stockout,/stockout/stockout,GET|POST|PUT|PATCH|DELETE,stockout_api,,33
blueprints/stockout/views.py,bp_stockout,/stockout/box/<order_id>,/stockout/stockout/box/<order_id>,GET|POST|PUT|PATCH|DELETE,stockout_box_api,,908
blueprints/stockout/views.py,bp_stockout,/stockout/box/pack/<order_id>,/stockout/stockout/box/pack/<order_id>,GET|POST|PUT|PATCH|DELETE,stockout_box_pack_api,,995
blueprints/stockout/views.py,bp_stockout,/stockout/box/tpl/<box_id>,/stockout/stockout/box/tpl/<box_id>,GET|POST|PUT|PATCH|DELETE,stockout_box_tpl_api,,1078
blueprints/stockout/views.py,bp_stockout,/stockout/box/waybill/<order_id>/<box_id>,/stockout/stockout/box/waybill/<order_id>/<box_id>,GET|POST|PUT|PATCH|DELETE,stockout_box_waybill_api,,1060
blueprints/stockout/views.py,bp_stockout,/stockout/info,/stockout/stockout/info,GET|POST|PUT|PATCH|DELETE,stockout_info_api,,154
blueprints/stockout/views.py,bp_stockout,/stockout/one/<order_id>,/stockout/stockout/one/<order_id>,GET|POST|PUT|PATCH|DELETE,stockout_one_api,,82
blueprints/stockout/views.py,bp_stockout,/trans/<stockout_id>,/stockout/trans/<stockout_id>,GET,trans_api,,879
blueprints/warehouse/views.py,bp_warehouse,/area,/warehouse/area,GET|POST|PUT|PATCH|DELETE,area_api,,151
blueprints/warehouse/views.py,bp_warehouse,/category,/warehouse/category,GET|POST|PUT|PATCH|DELETE,category_api,,305
blueprints/warehouse/views.py,bp_warehouse,/good,/warehouse/good,GET|POST|PUT|PATCH|DELETE,good_api,,352
blueprints/warehouse/views.py,bp_warehouse,/goodmap,/warehouse/goodmap,GET|POST|PUT|PATCH|DELETE,goodmap_api,,510
blueprints/warehouse/views.py,bp_warehouse,/goodmap/<mapid>,/warehouse/goodmap/<mapid>,GET|POST|PUT|PATCH|DELETE,goodmap_api,,512
blueprints/warehouse/views.py,bp_warehouse,/goodmap/one,/warehouse/goodmap/one,GET|POST|PUT|PATCH|DELETE,goodmap_api,,511
blueprints/warehouse/views.py,bp_warehouse,/location,/warehouse/location,GET|POST|PUT|PATCH|DELETE,location_api,,198
blueprints/warehouse/views.py,bp_warehouse,/partner,/warehouse/partner,GET|POST|PUT|PATCH|DELETE,partner_api,,247
blueprints/warehouse/views.py,bp_warehouse,/partner/owner,/warehouse/partner/owner,GET|POST|PUT|PATCH|DELETE,partner_api,,248
blueprints/warehouse/views.py,bp_warehouse,/selection/<selection>,/warehouse/selection/<selection>,GET|POST|PUT|PATCH|DELETE,selection_api,,469
blueprints/warehouse/views.py,bp_warehouse,/warehouse,/warehouse/warehouse,GET|POST|PUT|PATCH|DELETE,warehouse_api,,28
blueprints/warehouse/views.py,bp_warehouse,/workarea,/warehouse/workarea,GET|POST|PUT|PATCH|DELETE,workarea_api,,104
