module,class_name,table_name,column,type,enum_values,primary_key,nullable_declared,line
asyncmodel.py,Async,ext_async,id,Integer,,True,,30
asyncmodel.py,Async,ext_async,name,String(200),,False,,31
asyncmodel.py,Async,ext_async,code,String(50),,False,,32
asyncmodel.py,Async,ext_async,company_code,String(50),,False,,34
asyncmodel.py,Async,ext_async,warehouse_code,String(50),,False,,35
asyncmodel.py,Async,ext_async,owner_code,String(50),,False,,36
asyncmodel.py,Async,ext_async,state,"Enum(done,doing,fail)",done|doing|fail,False,,38
asyncmodel.py,Async,ext_async,xtype,"Enum(import,export)",import|export,False,,39
asyncmodel.py,Async,ext_async,func,String(250),,False,,41
asyncmodel.py,Async,ext_async,func_name,String(250),,False,,42
asyncmodel.py,Async,ext_async,oss_link,String(250),,False,,45
asyncmodel.py,Async,ext_async,_link,String(250),,False,,47
asyncmodel.py,Async,ext_async,blob_uuid,String(50),,False,,48
asyncmodel.py,Async,ext_async,exc_uuid,String(50),,False,,50
asyncmodel.py,Async,ext_async,async_id,String(60),,False,,52
asyncmodel.py,Async,ext_async,remark,String(200),,False,,54
asyncmodel.py,Async,ext_async,create_time,DateTime,,False,,55
asyncmodel.py,Async,ext_async,update_time,DateTime,,False,,56
auth.py,Company,u_company,id,Integer,,True,,38
auth.py,Company,u_company,code,String(50),,False,,39
auth.py,Company,u_company,apikey,String(200),,False,,41
auth.py,Company,u_company,uniquekey,String(200),,False,,43
auth.py,Company,u_company,host,String(250),,False,,45
auth.py,Company,u_company,name,String(250),,False,,47
auth.py,Company,u_company,tel,String(250),,False,,48
auth.py,Company,u_company,email,String(250),,False,,49
auth.py,Company,u_company,contact,String(250),,False,,50
auth.py,Company,u_company,address,String(250),,False,,51
auth.py,Company,u_company,group,String(255),,False,,54
auth.py,Company,u_company,max_users,Integer,,False,,56
auth.py,Company,u_company,image_url,String(255),,False,,59
auth.py,Company,u_company,is_init,Boolean,,False,,61
auth.py,Company,u_company,server_url,String(255),,False,,63
auth.py,Company,u_company,agent,String(20),,False,,65
auth.py,Company,u_company,remark,String(250),,False,,67
auth.py,Company,u_company,create_time,DateTime,,False,,68
auth.py,Company,u_company,update_time,DateTime,,False,,69
auth.py,User,u_user,id,Integer,,True,,117
auth.py,User,u_user,code,String(100),,False,,118
auth.py,User,u_user,password,String(128),,False,,119
auth.py,User,u_user,xtype,String(20),,False,,121
auth.py,User,u_user,_apikey,String(200),,False,,124
auth.py,User,u_user,department,String(250),,False,,127
auth.py,User,u_user,jobno,String(250),,False,,129
auth.py,User,u_user,post,String(250),,False,,131
auth.py,User,u_user,name,String(250),,False,,133
auth.py,User,u_user,tel,String(250),,False,,134
auth.py,User,u_user,qq,String(20),,False,,135
auth.py,User,u_user,wx,String(20),,False,,136
auth.py,User,u_user,email,String(250),,False,,137
auth.py,User,u_user,contact,String(250),,False,,138
auth.py,User,u_user,address,String(250),,False,,139
auth.py,User,u_user,state,"Enum(ban,delete,on)",ban|delete|on,False,,140
auth.py,User,u_user,roles,String(250),,False,,142
auth.py,User,u_user,vroles,String(250),,False,,145
auth.py,User,u_user,menus,String(2000),,False,,147
auth.py,User,u_user,partner_id,Integer,,False,,150
auth.py,User,u_user,partner_code,String(50),,False,,151
auth.py,User,u_user,partner_name,String(50),,False,,152
auth.py,User,u_user,receiver_name,String(50),,False,,154
auth.py,User,u_user,receiver_tel,String(50),,False,,155
auth.py,User,u_user,receiver_province,String(250),,False,,156
auth.py,User,u_user,receiver_city,String(250),,False,,157
auth.py,User,u_user,receiver_area,String(250),,False,,158
auth.py,User,u_user,receiver_town,String(250),,False,,159
auth.py,User,u_user,receiver_address,String(250),,False,,160
auth.py,User,u_user,owners,String(255),,False,,163
auth.py,User,u_user,warehouses,String(255),,False,,164
auth.py,User,u_user,factories,String(255),,False,,165
auth.py,User,u_user,company_code,String(50),,False,,167
auth.py,User,u_user,remark,String(250),,False,,169
auth.py,User,u_user,create_time,DateTime,,False,,170
auth.py,User,u_user,update_time,DateTime,,False,,171
auth.py,Partner,u_partner,id,Integer,,True,,307
auth.py,Partner,u_partner,code,String(100),,False,,308
auth.py,Partner,u_partner,name,String(250),,False,,310
auth.py,Partner,u_partner,tel,String(250),,False,,312
auth.py,Partner,u_partner,phone,String(250),,False,,314
auth.py,Partner,u_partner,email,String(250),,False,,315
auth.py,Partner,u_partner,contact,String(250),,False,,317
auth.py,Partner,u_partner,address,String(250),,False,,319
auth.py,Partner,u_partner,company_name,String(250),,False,,321
auth.py,Partner,u_partner,express_on,String(50),,False,,324
auth.py,Partner,u_partner,express_type,String(50),,False,,326
auth.py,Partner,u_partner,express_code,String(250),,False,,328
auth.py,Partner,u_partner,express_name,String(250),,False,,329
auth.py,Partner,u_partner,express_month_code,String(250),,False,,330
auth.py,Partner,u_partner,express_bid,String(250),,False,,331
auth.py,Partner,u_partner,express_appkey,String(250),,False,,332
auth.py,Partner,u_partner,express_secret,String(250),,False,,333
auth.py,Partner,u_partner,express_passwd,String(250),,False,,334
auth.py,Partner,u_partner,sender_name,String(50),,False,,336
auth.py,Partner,u_partner,sender_tel,String(50),,False,,337
auth.py,Partner,u_partner,sender_province,String(250),,False,,338
auth.py,Partner,u_partner,sender_city,String(250),,False,,339
auth.py,Partner,u_partner,sender_area,String(250),,False,,340
auth.py,Partner,u_partner,sender_town,String(250),,False,,341
auth.py,Partner,u_partner,sender_address,String(250),,False,,342
auth.py,Partner,u_partner,receiver_name,String(50),,False,,344
auth.py,Partner,u_partner,receiver_tel,String(50),,False,,345
auth.py,Partner,u_partner,receiver_province,String(250),,False,,346
auth.py,Partner,u_partner,receiver_city,String(250),,False,,347
auth.py,Partner,u_partner,receiver_area,String(250),,False,,348
auth.py,Partner,u_partner,receiver_town,String(250),,False,,349
auth.py,Partner,u_partner,receiver_address,String(250),,False,,350
auth.py,Partner,u_partner,qimen_type,String(250),,False,,353
auth.py,Partner,u_partner,qimen_url,String(250),,False,,354
auth.py,Partner,u_partner,qimen_customerid,String(250),,False,,355
auth.py,Partner,u_partner,qimen_secret,String(250),,False,,356
auth.py,Partner,u_partner,xtype,String(50),,False,,359
auth.py,Partner,u_partner,stype,String(50),,False,,361
auth.py,Partner,u_partner,company_code,String(50),,False,,363
auth.py,Partner,u_partner,coopkey,String(200),,False,,365
auth.py,Partner,u_partner,remark,String(250),,False,,367
auth.py,Partner,u_partner,create_time,DateTime,,False,,368
auth.py,Partner,u_partner,update_time,DateTime,,False,,369
auth.py,Big,s_big,id,Integer,,True,,720
auth.py,Big,s_big,uuid,String(50),,False,,721
auth.py,Big,s_big,code,String(100),,False,,722
auth.py,Big,s_big,subcode,String(100),,False,,723
auth.py,Big,s_big,company_code,String(50),,False,,725
auth.py,Big,s_big,blob,BLOB,,False,,727
auth.py,Big,s_big,create_time,DateTime,,False,,729
auth.py,Big,s_big,update_time,DateTime,,False,,730
auth.py,Config,s_config,id,Integer,,True,,739
auth.py,Config,s_config,company_code,String(50),,False,,741
auth.py,Config,s_config,warehouse_code,String(50),,False,,742
auth.py,Config,s_config,owner_code,String(50),,False,,743
auth.py,Config,s_config,code,String(100),,False,,745
auth.py,Config,s_config,subcode,String(100),,False,,746
auth.py,Config,s_config,label,String(100),,False,,749
auth.py,Config,s_config,xtype,String(20),,False,,750
auth.py,Config,s_config,multi,Boolean,,False,,751
auth.py,Config,s_config,index,Integer,,False,,752
auth.py,Config,s_config,options_multi,Boolean,,False,,754
auth.py,Config,s_config,str1,String(255),,False,,756
auth.py,Config,s_config,str2,String(255),,False,,757
auth.py,Config,s_config,str3,String(255),,False,,758
auth.py,Config,s_config,int1,Integer,,False,,760
auth.py,Config,s_config,int2,Integer,,False,,761
auth.py,Config,s_config,int3,Integer,,False,,762
auth.py,Config,s_config,bool1,Boolean,,False,,764
auth.py,Config,s_config,bool2,Boolean,,False,,765
auth.py,Config,s_config,bool3,Boolean,,False,,766
auth.py,Config,s_config,float1,Float,,False,,768
auth.py,Config,s_config,float2,Float,,False,,769
auth.py,Config,s_config,float3,Float,,False,,770
auth.py,Config,s_config,remark,String(1000),,False,,772
auth.py,Config,s_config,create_time,DateTime,,False,,774
auth.py,Config,s_config,update_time,DateTime,,False,,775
auth.py,Seq,s_seq,id,Integer,,True,,784
auth.py,Seq,s_seq,company_code,String(50),,False,,786
auth.py,Seq,s_seq,warehouse_code,String(50),,False,,787
auth.py,Seq,s_seq,owner_code,String(50),,False,,788
auth.py,Seq,s_seq,code,String(100),,False,,791
auth.py,Seq,s_seq,seq,Integer,,False,,792
auth.py,Seq,s_seq,month,String(20),,False,,793
auth.py,Seq,s_seq,create_time,DateTime,,False,,795
auth.py,Seq,s_seq,update_time,DateTime,,False,,796
auth.py,Did,s_did,id,Integer,,True,,837
auth.py,Did,s_did,user_code,String(20),,False,,838
auth.py,Did,s_did,code,String(100),,False,,841
auth.py,Did,s_did,subcode,String(100),,False,,843
auth.py,Did,s_did,col,String(100),,False,,845
auth.py,Did,s_did,str1,String(255),,False,,847
auth.py,Did,s_did,str2,String(255),,False,,848
auth.py,Did,s_did,int1,Integer,,False,,850
auth.py,Did,s_did,int2,Integer,,False,,851
auth.py,Did,s_did,bool1,Boolean,,False,,853
auth.py,Did,s_did,bool2,Boolean,,False,,854
auth.py,Did,s_did,float1,Float,,False,,856
auth.py,Did,s_did,float2,Float,,False,,857
auth.py,Did,s_did,company_code,String(50),,False,,859
auth.py,Did,s_did,warehouse_code,String(50),,False,,860
auth.py,Did,s_did,owner_code,String(50),,False,,861
auth.py,Did,s_did,remark,String(200),,False,,863
auth.py,Did,s_did,create_time,DateTime,,False,,864
auth.py,Did,s_did,update_time,DateTime,,False,,865
auth.py,Contact,ext_contact,id,Integer,,True,,870
auth.py,Contact,ext_contact,name,String(50),,False,,872
auth.py,Contact,ext_contact,tel,String(50),,False,,873
auth.py,Contact,ext_contact,email,String(50),,False,,874
auth.py,Contact,ext_contact,content,String(2000),,False,,876
auth.py,Contact,ext_contact,remark,String(200),,False,,878
auth.py,Contact,ext_contact,create_time,DateTime,,False,,879
auth.py,Contact,ext_contact,update_time,DateTime,,False,,880
finance.py,Money,f_money,id,Integer,,True,,34
finance.py,Money,f_money,owner_code,String(50),,False,,36
finance.py,Money,f_money,company_code,String(50),,False,,37
finance.py,Money,f_money,warehouse_code,String(50),,False,,38
finance.py,Money,f_money,pay_type,String(50),,False,,41
finance.py,Money,f_money,code,String(100),,False,,44
finance.py,Money,f_money,subcode,String(100),,False,,46
finance.py,Money,f_money,partner_id,Integer,,False,,49
finance.py,Money,f_money,partner_code,String(50),,False,,50
finance.py,Money,f_money,partner_str,String(50),,False,,51
finance.py,Money,f_money,partner_name,String(50),,False,,52
finance.py,Money,f_money,contact_name,String(20),,False,,54
finance.py,Money,f_money,contact_tel,String(20),,False,,55
finance.py,Money,f_money,xtype,String(20),,False,,59
finance.py,Money,f_money,amount,Float,,False,,61
finance.py,Money,f_money,bad,Float,,False,,63
finance.py,Money,f_money,real,Float,,False,,65
finance.py,Money,f_money,ref_user_code,String(20),,False,,67
finance.py,Money,f_money,come,String(20),,False,,69
finance.py,Money,f_money,invoice_type,String(50),,False,,71
finance.py,Money,f_money,invoice_no,String(50),,False,,72
finance.py,Money,f_money,invoice_url,String(50),,False,,73
finance.py,Money,f_money,state,String(20),,False,,75
finance.py,Money,f_money,date_finished,DateTime,,False,,77
finance.py,Money,f_money,date_forcount,Date,,False,,79
finance.py,Money,f_money,user_code,String(20),,False,,82
finance.py,Money,f_money,remark,String(200),,False,,83
finance.py,Money,f_money,create_time,DateTime,,False,,84
finance.py,Money,f_money,update_time,DateTime,,False,,85
finance.py,MoneyLine,f_money_line,id,Integer,,True,,137
finance.py,MoneyLine,f_money_line,owner_code,String(50),,False,,139
finance.py,MoneyLine,f_money_line,company_code,String(50),,False,,140
finance.py,MoneyLine,f_money_line,warehouse_code,String(50),,False,,141
finance.py,MoneyLine,f_money_line,money_id,Integer,,False,,143
finance.py,MoneyLine,f_money_line,real,Float,,False,,145
finance.py,MoneyLine,f_money_line,ref_user_code,String(20),,False,,147
finance.py,MoneyLine,f_money_line,account_id,Integer,,False,,149
finance.py,MoneyLine,f_money_line,account_longname,String(255),,False,,150
finance.py,MoneyLine,f_money_line,user_code,String(20),,False,,153
finance.py,MoneyLine,f_money_line,remark,String(200),,False,,154
finance.py,MoneyLine,f_money_line,create_time,DateTime,,False,,155
finance.py,MoneyLine,f_money_line,update_time,DateTime,,False,,156
finance.py,MoneySummary,f_money_summary,id,Integer,,True,,177
finance.py,MoneySummary,f_money_summary,owner_code,String(50),,False,,179
finance.py,MoneySummary,f_money_summary,company_code,String(50),,False,,180
finance.py,MoneySummary,f_money_summary,warehouse_code,String(50),,False,,181
finance.py,MoneySummary,f_money_summary,xtype,String(20),,False,,183
finance.py,MoneySummary,f_money_summary,amount,Float,,False,,185
finance.py,MoneySummary,f_money_summary,real,Float,,False,,187
finance.py,MoneySummary,f_money_summary,come,String(20),,False,,189
finance.py,MoneySummary,f_money_summary,month,String(20),,False,,191
finance.py,MoneySummary,f_money_summary,remark,String(200),,False,,193
finance.py,MoneySummary,f_money_summary,create_time,DateTime,,False,,194
finance.py,MoneySummary,f_money_summary,update_time,DateTime,,False,,195
finance.py,MoneyAccount,f_money_account,id,Integer,,True,,211
finance.py,MoneyAccount,f_money_account,owner_code,String(50),,False,,213
finance.py,MoneyAccount,f_money_account,company_code,String(50),,False,,214
finance.py,MoneyAccount,f_money_account,warehouse_code,String(50),,False,,215
finance.py,MoneyAccount,f_money_account,organ,String(100),,False,,218
finance.py,MoneyAccount,f_money_account,name,String(100),,False,,219
finance.py,MoneyAccount,f_money_account,account,String(100),,False,,220
finance.py,MoneyAccount,f_money_account,longname,String(255),,False,,222
finance.py,MoneyAccount,f_money_account,state,String(10),,False,,224
finance.py,MoneyAccount,f_money_account,remark,String(200),,False,,226
finance.py,MoneyAccount,f_money_account,create_time,DateTime,,False,,227
finance.py,MoneyAccount,f_money_account,update_time,DateTime,,False,,228
inv.py,Inv,inv,id,Integer,,True,,28
inv.py,Inv,inv,owner_code,String(50),,False,,32
inv.py,Inv,inv,company_code,String(50),,False,,33
inv.py,Inv,inv,warehouse_code,String(50),,False,,34
inv.py,Inv,inv,location_code,String(50),,False,,37
inv.py,Inv,inv,area_code,String(50),,False,,38
inv.py,Inv,inv,workarea_code,String(50),,False,,39
inv.py,Inv,inv,category_code,String(50),,False,,42
inv.py,Inv,inv,sku,String(50),,False,,43
inv.py,Inv,inv,name,String(200),,False,,44
inv.py,Inv,inv,name_en,String(200),,False,,45
inv.py,Inv,inv,barcode,String(50),,False,,46
inv.py,Inv,inv,brand,String(20),,False,,48
inv.py,Inv,inv,qty,Integer,,False,,51
inv.py,Inv,inv,qty_alloc,Integer,,False,,52
inv.py,Inv,inv,qty_able,Integer,,False,,53
inv.py,Inv,inv,qty_freeze,Integer,,False,,55
inv.py,Inv,inv,stockin_date,Date,,False,,57
inv.py,Inv,inv,partner_name,String(50),,False,,59
inv.py,Inv,inv,supplier_code,String(50),,False,,61
inv.py,Inv,inv,quality_type,"Enum(ZP,CC,DJ,ZT,JS,XS)",ZP|CC|DJ|ZT|JS|XS,False,,63
inv.py,Inv,inv,product_date,Date,,False,,64
inv.py,Inv,inv,expire_date,Date,,False,,65
inv.py,Inv,inv,batch_code,String(50),,False,,66
inv.py,Inv,inv,virtual_warehouse,String(50),,False,,67
inv.py,Inv,inv,spec,String(50),,False,,68
inv.py,Inv,inv,style,String(50),,False,,71
inv.py,Inv,inv,color,String(50),,False,,72
inv.py,Inv,inv,size,String(50),,False,,73
inv.py,Inv,inv,unit,String(20),,False,,76
inv.py,Inv,inv,weight_unit,String(10),,False,,77
inv.py,Inv,inv,lpn,String(50),,False,,80
inv.py,Inv,inv,refid,Integer,,False,,83
inv.py,Inv,inv,refin_order_code,String(50),,False,,84
inv.py,Inv,inv,price,Float,,False,,87
inv.py,Inv,inv,remark,String(200),,False,,89
inv.py,Inv,inv,create_time,DateTime,,False,,90
inv.py,Inv,inv,update_time,DateTime,,False,,91
inv.py,InvRfid,inv_rfid,id,Integer,,True,,166
inv.py,InvRfid,inv_rfid,owner_code,String(50),,False,,168
inv.py,InvRfid,inv_rfid,company_code,String(50),,False,,169
inv.py,InvRfid,inv_rfid,warehouse_code,String(50),,False,,170
inv.py,InvRfid,inv_rfid,inv_id,Integer,,False,,172
inv.py,InvRfid,inv_rfid,qty,Integer,,False,,173
inv.py,InvRfid,inv_rfid,rfid,String(255),,False,,174
inv.py,InvRfid,inv_rfid,_weight,Float,,False,,177
inv.py,InvRfid,inv_rfid,_gross_weight,Float,,False,,178
inv.py,InvRfid,inv_rfid,_qty_inner,Integer,,False,,180
inv.py,InvRfid,inv_rfid,source,String(50),,False,,183
inv.py,InvRfid,inv_rfid,printed,Boolean,,False,,184
inv.py,InvRfid,inv_rfid,state,String(10),,False,,187
inv.py,InvRfid,inv_rfid,location_code,String(50),,False,,190
inv.py,InvRfid,inv_rfid,area_code,String(50),,False,,191
inv.py,InvRfid,inv_rfid,workarea_code,String(50),,False,,192
inv.py,InvRfid,inv_rfid,category_code,String(50),,False,,195
inv.py,InvRfid,inv_rfid,sku,String(50),,False,,196
inv.py,InvRfid,inv_rfid,name,String(200),,False,,197
inv.py,InvRfid,inv_rfid,name_en,String(200),,False,,198
inv.py,InvRfid,inv_rfid,barcode,String(50),,False,,199
inv.py,InvRfid,inv_rfid,brand,String(20),,False,,201
inv.py,InvRfid,inv_rfid,partner_name,String(50),,False,,203
inv.py,InvRfid,inv_rfid,supplier_code,String(50),,False,,205
inv.py,InvRfid,inv_rfid,quality_type,"Enum(ZP,CC,DJ,ZT,JS,XS)",ZP|CC|DJ|ZT|JS|XS,False,,206
inv.py,InvRfid,inv_rfid,product_date,Date,,False,,207
inv.py,InvRfid,inv_rfid,expire_date,Date,,False,,208
inv.py,InvRfid,inv_rfid,batch_code,String(50),,False,,209
inv.py,InvRfid,inv_rfid,virtual_warehouse,String(50),,False,,210
inv.py,InvRfid,inv_rfid,spec,String(50),,False,,211
inv.py,InvRfid,inv_rfid,style,String(50),,False,,214
inv.py,InvRfid,inv_rfid,color,String(50),,False,,215
inv.py,InvRfid,inv_rfid,size,String(50),,False,,216
inv.py,InvRfid,inv_rfid,unit,String(20),,False,,219
inv.py,InvRfid,inv_rfid,weight_unit,String(10),,False,,220
inv.py,InvRfid,inv_rfid,lpn,String(50),,False,,223
inv.py,InvRfid,inv_rfid,stockin_order_code,String(50),,False,,227
inv.py,InvRfid,inv_rfid,stockin_date,DateTime,,False,,228
inv.py,InvRfid,inv_rfid,in_user_code,String(20),,False,,231
inv.py,InvRfid,inv_rfid,in_user_name,String(20),,False,,232
inv.py,InvRfid,inv_rfid,in_w_user_code,String(20),,False,,235
inv.py,InvRfid,inv_rfid,in_w_user_name,String(20),,False,,236
inv.py,InvRfid,inv_rfid,stockout_order_code,String(50),,False,,241
inv.py,InvRfid,inv_rfid,stockout_date,DateTime,,False,,242
inv.py,InvRfid,inv_rfid,out_user_code,String(20),,False,,245
inv.py,InvRfid,inv_rfid,out_user_name,String(20),,False,,246
inv.py,InvRfid,inv_rfid,out_w_user_code,String(20),,False,,249
inv.py,InvRfid,inv_rfid,out_w_user_name,String(20),,False,,250
inv.py,InvRfid,inv_rfid,remark,String(200),,False,,254
inv.py,InvRfid,inv_rfid,create_time,DateTime,,False,,255
inv.py,InvRfid,inv_rfid,update_time,DateTime,,False,,256
inv.py,InvRfidTrans,inv_rfid_trans,id,Integer,,True,,312
inv.py,InvRfidTrans,inv_rfid_trans,owner_code,String(50),,False,,314
inv.py,InvRfidTrans,inv_rfid_trans,company_code,String(50),,False,,315
inv.py,InvRfidTrans,inv_rfid_trans,warehouse_code,String(50),,False,,316
inv.py,InvRfidTrans,inv_rfid_trans,rfid,String(255),,False,,318
inv.py,InvRfidTrans,inv_rfid_trans,sku,String(50),,False,,319
inv.py,InvRfidTrans,inv_rfid_trans,name,String(200),,False,,320
inv.py,InvRfidTrans,inv_rfid_trans,barcode,String(50),,False,,321
inv.py,InvRfidTrans,inv_rfid_trans,user_code,String(20),,False,,324
inv.py,InvRfidTrans,inv_rfid_trans,user_name,String(20),,False,,325
inv.py,InvRfidTrans,inv_rfid_trans,w_user_code,String(20),,False,,328
inv.py,InvRfidTrans,inv_rfid_trans,w_user_name,String(20),,False,,329
inv.py,InvRfidTrans,inv_rfid_trans,xtype,String(20),,False,,331
inv.py,InvRfidTrans,inv_rfid_trans,order_type,String(20),,False,,332
inv.py,InvRfidTrans,inv_rfid_trans,order_code,String(50),,False,,333
inv.py,InvRfidTrans,inv_rfid_trans,remark,String(200),,False,,335
inv.py,InvRfidTrans,inv_rfid_trans,create_time,DateTime,,False,,336
inv.py,InvRfidTrans,inv_rfid_trans,update_time,DateTime,,False,,337
inv.py,InvTrans,inv_trans,id,Integer,,True,,348
inv.py,InvTrans,inv_trans,owner_code,String(50),,False,,350
inv.py,InvTrans,inv_trans,company_code,String(50),,False,,351
inv.py,InvTrans,inv_trans,warehouse_code,String(50),,False,,352
inv.py,InvTrans,inv_trans,location_code,String(50),,False,,355
inv.py,InvTrans,inv_trans,area_code,String(50),,False,,356
inv.py,InvTrans,inv_trans,category_code,String(50),,False,,359
inv.py,InvTrans,inv_trans,sku,String(50),,False,,360
inv.py,InvTrans,inv_trans,name,String(200),,False,,361
inv.py,InvTrans,inv_trans,barcode,String(50),,False,,362
inv.py,InvTrans,inv_trans,before_qty,Integer,,False,,364
inv.py,InvTrans,inv_trans,change_qty,Integer,,False,,365
inv.py,InvTrans,inv_trans,after_qty,Integer,,False,,366
inv.py,InvTrans,inv_trans,price,Float,,False,,368
inv.py,InvTrans,inv_trans,qty_able,Integer,,False,,369
inv.py,InvTrans,inv_trans,xtype,"Enum(stockin,stockout,inv_move,inv_adjust,inv_transfer)",stockin|stockout|inv_move|inv_adjust|inv_transfer,False,,373
inv.py,InvTrans,inv_trans,xtype_opt,"Enum(alloc,pick,cancel,in,out)",alloc|pick|cancel|in|out,False,,375
inv.py,InvTrans,inv_trans,order_code,String(50),,False,,378
inv.py,InvTrans,inv_trans,erp_order_code,String(50),,False,,379
inv.py,InvTrans,inv_trans,user_code,String(20),,False,,382
inv.py,InvTrans,inv_trans,user_name,String(20),,False,,383
inv.py,InvTrans,inv_trans,inventory_id,Integer,,False,,386
inv.py,InvTrans,inv_trans,remark,String(200),,False,,388
inv.py,InvTrans,inv_trans,create_time,DateTime,,False,,389
inv.py,InvTrans,inv_trans,update_time,DateTime,,False,,390
inv.py,Category,inv_category,id,Integer,,True,,400
inv.py,Category,inv_category,code,String(50),,False,,401
inv.py,Category,inv_category,name,String(50),,False,,402
inv.py,Category,inv_category,owner_code,String(50),,False,,404
inv.py,Category,inv_category,company_code,String(50),,False,,405
inv.py,Category,inv_category,remark,String(200),,False,,407
inv.py,Category,inv_category,create_time,DateTime,,False,,408
inv.py,Category,inv_category,update_time,DateTime,,False,,409
inv.py,Good,inv_good,id,Integer,,True,,431
inv.py,Good,inv_good,code,String(50),,False,,432
inv.py,Good,inv_good,name,String(200),,False,,434
inv.py,Good,inv_good,name_en,String(200),,False,,435
inv.py,Good,inv_good,barcode,String(50),,False,,436
inv.py,Good,inv_good,middle_code,String(50),,False,,438
inv.py,Good,inv_good,is_produce,Boolean,,False,,441
inv.py,Good,inv_good,has_subs,Boolean,,False,,444
inv.py,Good,inv_good,spec,String(100),,False,,447
inv.py,Good,inv_good,state,String(100),,False,,449
inv.py,Good,inv_good,length,String(50),,False,,452
inv.py,Good,inv_good,width,String(50),,False,,453
inv.py,Good,inv_good,height,String(50),,False,,454
inv.py,Good,inv_good,volume,String(50),,False,,455
inv.py,Good,inv_good,weight,String(50),,False,,457
inv.py,Good,inv_good,gross_weight,String(50),,False,,459
inv.py,Good,inv_good,weight_unit,String(10),,False,,461
inv.py,Good,inv_good,index,Integer,,False,,463
inv.py,Good,inv_good,min_qty,Integer,,False,,466
inv.py,Good,inv_good,max_qty,Integer,,False,,467
inv.py,Good,inv_good,price,Float,,False,,470
inv.py,Good,inv_good,cost_price,Float,,False,,472
inv.py,Good,inv_good,last_in_price,Float,,False,,474
inv.py,Good,inv_good,last_out_price,Float,,False,,475
inv.py,Good,inv_good,source,String(50),,False,,478
inv.py,Good,inv_good,appid,String(50),,False,,482
inv.py,Good,inv_good,quality_month,Integer,,False,,484
inv.py,Good,inv_good,model_price,Float,,False,,486
inv.py,Good,inv_good,express_price,Float,,False,,488
inv.py,Good,inv_good,lv1_price,Float,,False,,490
inv.py,Good,inv_good,lv2_price,Float,,False,,491
inv.py,Good,inv_good,lv3_price,Float,,False,,492
inv.py,Good,inv_good,is_sync,String(1),,False,,495
inv.py,Good,inv_good,image_url,String(255),,False,,498
inv.py,Good,inv_good,images,String(1500),,False,,500
inv.py,Good,inv_good,ad_images,String(1500),,False,,501
inv.py,Good,inv_good,area_code,String(50),,False,,504
inv.py,Good,inv_good,location_code,String(50),,False,,505
inv.py,Good,inv_good,style,String(50),,False,,508
inv.py,Good,inv_good,color,String(50),,False,,509
inv.py,Good,inv_good,size,String(50),,False,,510
inv.py,Good,inv_good,unit,String(20),,False,,511
inv.py,Good,inv_good,args,String(500),,False,,514
inv.py,Good,inv_good,item_type,String(20),,False,,517
inv.py,Good,inv_good,brand,String(20),,False,,519
inv.py,Good,inv_good,category_code,String(50),,False,,520
inv.py,Good,inv_good,is_shelf_life,String(20),,False,,523
inv.py,Good,inv_good,owner_code,String(50),,False,,525
inv.py,Good,inv_good,company_code,String(50),,False,,526
inv.py,Good,inv_good,custom_uuid,String(50),,False,,528
inv.py,Good,inv_good,version,Integer,,False,,529
inv.py,Good,inv_good,remark,String(200),,False,,531
inv.py,Good,inv_good,create_time,DateTime,,False,,532
inv.py,Good,inv_good,update_time,DateTime,,False,,533
inv.py,GoodMap,inv_good_map,id,Integer,,True,,659
inv.py,GoodMap,inv_good_map,code,String(50),,False,,661
inv.py,GoodMap,inv_good_map,name,String(200),,False,,662
inv.py,GoodMap,inv_good_map,name_en,String(200),,False,,663
inv.py,GoodMap,inv_good_map,barcode,String(50),,False,,664
inv.py,GoodMap,inv_good_map,subcode,String(50),,False,,666
inv.py,GoodMap,inv_good_map,subname,String(200),,False,,667
inv.py,GoodMap,inv_good_map,subbarcode,String(50),,False,,668
inv.py,GoodMap,inv_good_map,qty,Integer,,False,,670
inv.py,GoodMap,inv_good_map,owner_code,String(50),,False,,672
inv.py,GoodMap,inv_good_map,company_code,String(50),,False,,673
inv.py,GoodMap,inv_good_map,remark,String(200),,False,,675
inv.py,GoodMap,inv_good_map,create_time,DateTime,,False,,676
inv.py,GoodMap,inv_good_map,update_time,DateTime,,False,,677
inv.py,InvAdjust,inv_adjust,id,Integer,,True,,736
inv.py,InvAdjust,inv_adjust,code,String(50),,False,,737
inv.py,InvAdjust,inv_adjust,count_code,String(50),,False,,738
inv.py,InvAdjust,inv_adjust,owner_code,String(50),,False,,740
inv.py,InvAdjust,inv_adjust,warehouse_code,String(50),,False,,741
inv.py,InvAdjust,inv_adjust,company_code,String(50),,False,,742
inv.py,InvAdjust,inv_adjust,location_code,String(50),,False,,744
inv.py,InvAdjust,inv_adjust,sku,String(50),,False,,746
inv.py,InvAdjust,inv_adjust,name,String(200),,False,,747
inv.py,InvAdjust,inv_adjust,barcode,String(50),,False,,748
inv.py,InvAdjust,inv_adjust,qty_before,Integer,,False,,750
inv.py,InvAdjust,inv_adjust,qty_after,Integer,,False,,751
inv.py,InvAdjust,inv_adjust,qty_diff,Integer,,False,,752
inv.py,InvAdjust,inv_adjust,series_code,String(50),,False,,755
inv.py,InvAdjust,inv_adjust,count_series_code,String(50),,False,,757
inv.py,InvAdjust,inv_adjust,stockin_date,Date,,False,,759
inv.py,InvAdjust,inv_adjust,source,String(50),,False,,760
inv.py,InvAdjust,inv_adjust,partner_name,String(50),,False,,762
inv.py,InvAdjust,inv_adjust,supplier_code,String(50),,False,,764
inv.py,InvAdjust,inv_adjust,quality_type,"Enum(ZP,CC,DJ,ZT,JS,XS)",ZP|CC|DJ|ZT|JS|XS,False,,765
inv.py,InvAdjust,inv_adjust,product_date,Date,,False,,766
inv.py,InvAdjust,inv_adjust,expire_date,Date,,False,,767
inv.py,InvAdjust,inv_adjust,batch_code,String(50),,False,,768
inv.py,InvAdjust,inv_adjust,virtual_warehouse,String(50),,False,,769
inv.py,InvAdjust,inv_adjust,spec,String(50),,False,,770
inv.py,InvAdjust,inv_adjust,style,String(50),,False,,773
inv.py,InvAdjust,inv_adjust,color,String(50),,False,,774
inv.py,InvAdjust,inv_adjust,size,String(50),,False,,775
inv.py,InvAdjust,inv_adjust,lpn,String(50),,False,,778
inv.py,InvAdjust,inv_adjust,state,"Enum(create,done,cancel)",create|done|cancel,False,,780
inv.py,InvAdjust,inv_adjust,user_code,String(20),,False,,782
inv.py,InvAdjust,inv_adjust,user_name,String(20),,False,,783
inv.py,InvAdjust,inv_adjust,remark,String(200),,False,,785
inv.py,InvAdjust,inv_adjust,create_time,DateTime,,False,,786
inv.py,InvAdjust,inv_adjust,update_time,DateTime,,False,,787
inv.py,InvCount,inv_count,id,Integer,,True,,807
inv.py,InvCount,inv_count,code,String(50),,False,,808
inv.py,InvCount,inv_count,owner_code,String(50),,False,,810
inv.py,InvCount,inv_count,warehouse_code,String(50),,False,,811
inv.py,InvCount,inv_count,company_code,String(50),,False,,812
inv.py,InvCount,inv_count,location_code,String(50),,False,,814
inv.py,InvCount,inv_count,sku,String(50),,False,,816
inv.py,InvCount,inv_count,name,String(200),,False,,817
inv.py,InvCount,inv_count,barcode,String(50),,False,,818
inv.py,InvCount,inv_count,qty,Integer,,False,,820
inv.py,InvCount,inv_count,qty_real,Integer,,False,,821
inv.py,InvCount,inv_count,qty_alloc,Integer,,False,,822
inv.py,InvCount,inv_count,series_code,String(50),,False,,825
inv.py,InvCount,inv_count,adjust_series_code,String(50),,False,,826
inv.py,InvCount,inv_count,stockin_date,Date,,False,,828
inv.py,InvCount,inv_count,source,String(50),,False,,829
inv.py,InvCount,inv_count,partner_name,String(50),,False,,831
inv.py,InvCount,inv_count,supplier_code,String(50),,False,,833
inv.py,InvCount,inv_count,quality_type,"Enum(ZP,CC,DJ,ZT,JS,XS)",ZP|CC|DJ|ZT|JS|XS,False,,834
inv.py,InvCount,inv_count,product_date,Date,,False,,835
inv.py,InvCount,inv_count,expire_date,Date,,False,,836
inv.py,InvCount,inv_count,batch_code,String(50),,False,,837
inv.py,InvCount,inv_count,virtual_warehouse,String(50),,False,,838
inv.py,InvCount,inv_count,spec,String(50),,False,,839
inv.py,InvCount,inv_count,style,String(50),,False,,842
inv.py,InvCount,inv_count,color,String(50),,False,,843
inv.py,InvCount,inv_count,size,String(50),,False,,844
inv.py,InvCount,inv_count,lpn,String(50),,False,,847
inv.py,InvCount,inv_count,state,"Enum(create,done,cancel)",create|done|cancel,False,,849
inv.py,InvCount,inv_count,user_code,String(20),,False,,851
inv.py,InvCount,inv_count,user_name,String(20),,False,,852
inv.py,InvCount,inv_count,remark,String(200),,False,,854
inv.py,InvCount,inv_count,create_time,DateTime,,False,,855
inv.py,InvCount,inv_count,update_time,DateTime,,False,,856
inv.py,InvMove,inv_move,id,Integer,,True,,866
inv.py,InvMove,inv_move,code,String(50),,False,,867
inv.py,InvMove,inv_move,stockin_order_code,String(50),,False,,870
inv.py,InvMove,inv_move,owner_code,String(50),,False,,872
inv.py,InvMove,inv_move,warehouse_code,String(50),,False,,873
inv.py,InvMove,inv_move,dest_warehouse_code,String(50),,False,,874
inv.py,InvMove,inv_move,company_code,String(50),,False,,875
inv.py,InvMove,inv_move,location_code,String(50),,False,,877
inv.py,InvMove,inv_move,dest_location_code,String(50),,False,,878
inv.py,InvMove,inv_move,sku,String(50),,False,,880
inv.py,InvMove,inv_move,name,String(200),,False,,881
inv.py,InvMove,inv_move,barcode,String(50),,False,,882
inv.py,InvMove,inv_move,qty,Integer,,False,,884
inv.py,InvMove,inv_move,qty_real,Integer,,False,,886
inv.py,InvMove,inv_move,series_code,String(50),,False,,889
inv.py,InvMove,inv_move,move_type,String(20),,False,,891
inv.py,InvMove,inv_move,stockin_date,Date,,False,,893
inv.py,InvMove,inv_move,source,String(50),,False,,895
inv.py,InvMove,inv_move,partner_name,String(50),,False,,897
inv.py,InvMove,inv_move,supplier_code,String(50),,False,,899
inv.py,InvMove,inv_move,quality_type,"Enum(ZP,CC,DJ,ZT,JS,XS)",ZP|CC|DJ|ZT|JS|XS,False,,900
inv.py,InvMove,inv_move,product_date,Date,,False,,901
inv.py,InvMove,inv_move,expire_date,Date,,False,,902
inv.py,InvMove,inv_move,batch_code,String(50),,False,,903
inv.py,InvMove,inv_move,virtual_warehouse,String(50),,False,,904
inv.py,InvMove,inv_move,spec,String(50),,False,,905
inv.py,InvMove,inv_move,style,String(50),,False,,908
inv.py,InvMove,inv_move,color,String(50),,False,,909
inv.py,InvMove,inv_move,size,String(50),,False,,910
inv.py,InvMove,inv_move,lpn,String(50),,False,,913
inv.py,InvMove,inv_move,dest_lpn,String(50),,False,,914
inv.py,InvMove,inv_move,state,"Enum(create,done,doing,cancel)",create|done|doing|cancel,False,,916
inv.py,InvMove,inv_move,user_code,String(20),,False,,918
inv.py,InvMove,inv_move,user_name,String(20),,False,,919
inv.py,InvMove,inv_move,remark,String(200),,False,,921
inv.py,InvMove,inv_move,create_time,DateTime,,False,,922
inv.py,InvMove,inv_move,update_time,DateTime,,False,,923
inv.py,InvWarn,inv_warn,id,Integer,,True,,933
inv.py,InvWarn,inv_warn,owner_code,String(50),,False,,935
inv.py,InvWarn,inv_warn,warehouse_code,String(50),,False,,936
inv.py,InvWarn,inv_warn,company_code,String(50),,False,,937
inv.py,InvWarn,inv_warn,location_code,String(50),,False,,939
inv.py,InvWarn,inv_warn,sku,String(50),,False,,941
inv.py,InvWarn,inv_warn,name,String(200),,False,,942
inv.py,InvWarn,inv_warn,barcode,String(50),,False,,943
inv.py,InvWarn,inv_warn,min_qty,Integer,,False,,945
inv.py,InvWarn,inv_warn,max_qty,Integer,,False,,946
inv.py,InvWarn,inv_warn,supplier_code,String(50),,False,,949
inv.py,InvWarn,inv_warn,spec,String(50),,False,,950
inv.py,InvWarn,inv_warn,remark,String(200),,False,,952
inv.py,InvWarn,inv_warn,create_time,DateTime,,False,,953
inv.py,InvWarn,inv_warn,update_time,DateTime,,False,,954
stockin.py,Stockin,i_stockin,id,Integer,,True,,24
stockin.py,Stockin,i_stockin,company_code,String(50),,False,,26
stockin.py,Stockin,i_stockin,warehouse_code,String(50),,False,,27
stockin.py,Stockin,i_stockin,owner_code,String(50),,False,,28
stockin.py,Stockin,i_stockin,order_code,String(50),,False,,30
stockin.py,Stockin,i_stockin,erp_order_code,String(50),,False,,31
stockin.py,Stockin,i_stockin,middle_order_code,String(50),,False,,33
stockin.py,Stockin,i_stockin,sale_order_code,String(50),,False,,36
stockin.py,Stockin,i_stockin,purchase_order_code,String(50),,False,,37
stockin.py,Stockin,i_stockin,produce_order_code,String(50),,False,,38
stockin.py,Stockin,i_stockin,fan_order_code,String(50),,False,,40
stockin.py,Stockin,i_stockin,pm_order_code,String(50),,False,,42
stockin.py,Stockin,i_stockin,pm_order_code_pick,String(50),,False,,43
stockin.py,Stockin,i_stockin,move_order_code,String(50),,False,,46
stockin.py,Stockin,i_stockin,disassemble_order_code,String(50),,False,,49
stockin.py,Stockin,i_stockin,transfer_out_order_code,String(50),,False,,52
stockin.py,Stockin,i_stockin,transfer_out_order_state,String(10),,False,,54
stockin.py,Stockin,i_stockin,transfer_out_warehouse_code,String(50),,False,,56
stockin.py,Stockin,i_stockin,transfer_out_warehouse_name,String(50),,False,,57
stockin.py,Stockin,i_stockin,transfer_out_owner_code,String(50),,False,,59
stockin.py,Stockin,i_stockin,transfer_out_owner_name,String(50),,False,,60
stockin.py,Stockin,i_stockin,transfer_out_company_code,String(50),,False,,62
stockin.py,Stockin,i_stockin,transfer_out_company_name,String(50),,False,,63
stockin.py,Stockin,i_stockin,price,Float,,False,,66
stockin.py,Stockin,i_stockin,_weight,Float,,False,,70
stockin.py,Stockin,i_stockin,_gross_weight,Float,,False,,71
stockin.py,Stockin,i_stockin,_qty_inner,Integer,,False,,73
stockin.py,Stockin,i_stockin,return_real,Float,,False,,76
stockin.py,Stockin,i_stockin,return_amount,Float,,False,,78
stockin.py,Stockin,i_stockin,xtype,String(50),,False,,84
stockin.py,Stockin,i_stockin,order_type,String(50),,False,,86
stockin.py,Stockin,i_stockin,partner_id,Integer,,False,,89
stockin.py,Stockin,i_stockin,partner_code,String(50),,False,,90
stockin.py,Stockin,i_stockin,partner_name,String(50),,False,,91
stockin.py,Stockin,i_stockin,partner_str,String(250),,False,,92
stockin.py,Stockin,i_stockin,date_planned,Date,,False,,95
stockin.py,Stockin,i_stockin,date_planned_end,Date,,False,,97
stockin.py,Stockin,i_stockin,date_finished,DateTime,,False,,98
stockin.py,Stockin,i_stockin,state,"Enum(create,part,all,done,cancel)",create|part|all|done|cancel,False,,101
stockin.py,Stockin,i_stockin,erp_biz_code,String(50),,False,,103
stockin.py,Stockin,i_stockin,source,"Enum(erp,custom,import)",erp|custom|import,False,,105
stockin.py,Stockin,i_stockin,erp_source,String(50),,False,,107
stockin.py,Stockin,i_stockin,is_passback,Boolean,,False,,110
stockin.py,Stockin,i_stockin,custom1,String(50),,False,,113
stockin.py,Stockin,i_stockin,custom2,String(50),,False,,114
stockin.py,Stockin,i_stockin,custom3,String(50),,False,,115
stockin.py,Stockin,i_stockin,custom4,String(50),,False,,116
stockin.py,Stockin,i_stockin,custom_uuid,String(50),,False,,118
stockin.py,Stockin,i_stockin,invoice_info_uuid,String(50),,False,,121
stockin.py,Stockin,i_stockin,supplier_info_uuid,String(50),,False,,123
stockin.py,Stockin,i_stockin,express_info_uuid,String(50),,False,,125
stockin.py,Stockin,i_stockin,is_qimen,Boolean,,False,,128
stockin.py,Stockin,i_stockin,express_code,String(50),,False,,129
stockin.py,Stockin,i_stockin,express_name,String(50),,False,,130
stockin.py,Stockin,i_stockin,bill_code,String(50),,False,,131
stockin.py,Stockin,i_stockin,reason,String(250),,False,,132
stockin.py,Stockin,i_stockin,sender_name,String(50),,False,,136
stockin.py,Stockin,i_stockin,sender_tel,String(50),,False,,137
stockin.py,Stockin,i_stockin,sender_province,String(250),,False,,138
stockin.py,Stockin,i_stockin,sender_city,String(250),,False,,139
stockin.py,Stockin,i_stockin,sender_area,String(250),,False,,140
stockin.py,Stockin,i_stockin,sender_town,String(250),,False,,141
stockin.py,Stockin,i_stockin,sender_address,String(250),,False,,142
stockin.py,Stockin,i_stockin,receiver_name,String(50),,False,,145
stockin.py,Stockin,i_stockin,receiver_tel,String(50),,False,,146
stockin.py,Stockin,i_stockin,receiver_province,String(250),,False,,147
stockin.py,Stockin,i_stockin,receiver_city,String(250),,False,,148
stockin.py,Stockin,i_stockin,receiver_area,String(250),,False,,149
stockin.py,Stockin,i_stockin,receiver_town,String(250),,False,,150
stockin.py,Stockin,i_stockin,receiver_address,String(250),,False,,151
stockin.py,Stockin,i_stockin,user_code,String(20),,False,,154
stockin.py,Stockin,i_stockin,user_name,String(20),,False,,155
stockin.py,Stockin,i_stockin,remark,String(200),,False,,156
stockin.py,Stockin,i_stockin,create_time,DateTime,,False,,157
stockin.py,Stockin,i_stockin,update_time,DateTime,,False,,158
stockin.py,StockinLine,i_stockin_line,id,Integer,,True,,403
stockin.py,StockinLine,i_stockin_line,company_code,String(50),,False,,405
stockin.py,StockinLine,i_stockin_line,warehouse_code,String(50),,False,,406
stockin.py,StockinLine,i_stockin_line,owner_code,String(50),,False,,407
stockin.py,StockinLine,i_stockin_line,order_code,String(50),,False,,409
stockin.py,StockinLine,i_stockin_line,middle_order_code,String(50),,False,,410
stockin.py,StockinLine,i_stockin_line,erp_order_code,String(50),,False,,411
stockin.py,StockinLine,i_stockin_line,lineno,String(20),,False,,413
stockin.py,StockinLine,i_stockin_line,sku,String(50),,False,,416
stockin.py,StockinLine,i_stockin_line,name,String(200),,False,,417
stockin.py,StockinLine,i_stockin_line,barcode,String(50),,False,,418
stockin.py,StockinLine,i_stockin_line,middle_sku,String(50),,False,,419
stockin.py,StockinLine,i_stockin_line,qty,Integer,,False,,421
stockin.py,StockinLine,i_stockin_line,qty_real,Integer,,False,,423
stockin.py,StockinLine,i_stockin_line,location_code,String(50),,False,,425
stockin.py,StockinLine,i_stockin_line,stockin_date,Date,,False,,427
stockin.py,StockinLine,i_stockin_line,partner_id,Integer,,False,,429
stockin.py,StockinLine,i_stockin_line,partner_name,String(50),,False,,430
stockin.py,StockinLine,i_stockin_line,supplier_code,String(50),,False,,432
stockin.py,StockinLine,i_stockin_line,quality_type,"Enum(ZP,CC,DJ,ZT,JS,XS)",ZP|CC|DJ|ZT|JS|XS,False,,433
stockin.py,StockinLine,i_stockin_line,product_date,Date,,False,,434
stockin.py,StockinLine,i_stockin_line,expire_date,Date,,False,,435
stockin.py,StockinLine,i_stockin_line,batch_code,String(50),,False,,436
stockin.py,StockinLine,i_stockin_line,virtual_warehouse,String(50),,False,,437
stockin.py,StockinLine,i_stockin_line,spec,String(50),,False,,438
stockin.py,StockinLine,i_stockin_line,style,String(50),,False,,441
stockin.py,StockinLine,i_stockin_line,color,String(50),,False,,442
stockin.py,StockinLine,i_stockin_line,size,String(50),,False,,443
stockin.py,StockinLine,i_stockin_line,unit,String(20),,False,,446
stockin.py,StockinLine,i_stockin_line,weight_unit,String(10),,False,,447
stockin.py,StockinLine,i_stockin_line,price,Float,,False,,450
stockin.py,StockinLine,i_stockin_line,_weight,Float,,False,,454
stockin.py,StockinLine,i_stockin_line,_gross_weight,Float,,False,,455
stockin.py,StockinLine,i_stockin_line,_qty_inner,Integer,,False,,457
stockin.py,StockinLine,i_stockin_line,custom_uuid,String(50),,False,,459
stockin.py,StockinLine,i_stockin_line,stockin_id,Integer,,False,,462
stockin.py,StockinLine,i_stockin_line,remark,String(200),,False,,464
stockin.py,StockinLine,i_stockin_line,create_time,DateTime,,False,,465
stockin.py,StockinLine,i_stockin_line,update_time,DateTime,,False,,466
stockin.py,StockinLineTrans,i_stockin_line_trans,id,Integer,,True,,577
stockin.py,StockinLineTrans,i_stockin_line_trans,company_code,String(50),,False,,579
stockin.py,StockinLineTrans,i_stockin_line_trans,warehouse_code,String(50),,False,,580
stockin.py,StockinLineTrans,i_stockin_line_trans,owner_code,String(50),,False,,581
stockin.py,StockinLineTrans,i_stockin_line_trans,order_code,String(50),,False,,583
stockin.py,StockinLineTrans,i_stockin_line_trans,middle_order_code,String(50),,False,,584
stockin.py,StockinLineTrans,i_stockin_line_trans,erp_order_code,String(50),,False,,585
stockin.py,StockinLineTrans,i_stockin_line_trans,sku,String(50),,False,,587
stockin.py,StockinLineTrans,i_stockin_line_trans,name,String(200),,False,,588
stockin.py,StockinLineTrans,i_stockin_line_trans,barcode,String(50),,False,,589
stockin.py,StockinLineTrans,i_stockin_line_trans,qty,Integer,,False,,592
stockin.py,StockinLineTrans,i_stockin_line_trans,qty_real,Integer,,False,,594
stockin.py,StockinLineTrans,i_stockin_line_trans,price,Float,,False,,596
stockin.py,StockinLineTrans,i_stockin_line_trans,inv_id,Integer,,False,,598
stockin.py,StockinLineTrans,i_stockin_line_trans,location_code,String(50),,False,,599
stockin.py,StockinLineTrans,i_stockin_line_trans,lpn,String(50),,False,,600
stockin.py,StockinLineTrans,i_stockin_line_trans,user_code,String(20),,False,,603
stockin.py,StockinLineTrans,i_stockin_line_trans,user_name,String(20),,False,,604
stockin.py,StockinLineTrans,i_stockin_line_trans,w_user_code,String(20),,False,,607
stockin.py,StockinLineTrans,i_stockin_line_trans,w_user_name,String(20),,False,,608
stockin.py,StockinLineTrans,i_stockin_line_trans,stockin_id,Integer,,False,,611
stockin.py,StockinLineTrans,i_stockin_line_trans,stockin_line_id,Integer,,False,,612
stockin.py,StockinLineTrans,i_stockin_line_trans,remark,String(200),,False,,614
stockin.py,StockinLineTrans,i_stockin_line_trans,create_time,DateTime,,False,,615
stockin.py,StockinLineTrans,i_stockin_line_trans,update_time,DateTime,,False,,616
stockin.py,Disassemble,i_disassemble,id,Integer,,True,,636
stockin.py,Disassemble,i_disassemble,owner_code,String(50),,False,,638
stockin.py,Disassemble,i_disassemble,company_code,String(50),,False,,639
stockin.py,Disassemble,i_disassemble,warehouse_code,String(50),,False,,640
stockin.py,Disassemble,i_disassemble,order_code,String(50),,False,,642
stockin.py,Disassemble,i_disassemble,state,String(20),,False,,645
stockin.py,Disassemble,i_disassemble,date_finished,DateTime,,False,,647
stockin.py,Disassemble,i_disassemble,partner_code,String(50),,False,,650
stockin.py,Disassemble,i_disassemble,partner_str,String(250),,False,,651
stockin.py,Disassemble,i_disassemble,partner_name,String(50),,False,,652
stockin.py,Disassemble,i_disassemble,stockin_id,Integer,,False,,655
stockin.py,Disassemble,i_disassemble,stockin_order_code,String(50),,False,,656
stockin.py,Disassemble,i_disassemble,user_code,String(20),,False,,659
stockin.py,Disassemble,i_disassemble,user_name,String(20),,False,,660
stockin.py,Disassemble,i_disassemble,remark,String(200),,False,,662
stockin.py,Disassemble,i_disassemble,create_time,DateTime,,False,,663
stockin.py,Disassemble,i_disassemble,update_time,DateTime,,False,,664
stockin.py,DisassembleLine,i_disassemble_line,id,Integer,,True,,726
stockin.py,DisassembleLine,i_disassemble_line,company_code,String(50),,False,,728
stockin.py,DisassembleLine,i_disassemble_line,warehouse_code,String(50),,False,,729
stockin.py,DisassembleLine,i_disassemble_line,owner_code,String(50),,False,,730
stockin.py,DisassembleLine,i_disassemble_line,order_code,String(50),,False,,732
stockin.py,DisassembleLine,i_disassemble_line,sku,String(50),,False,,735
stockin.py,DisassembleLine,i_disassemble_line,name,String(200),,False,,736
stockin.py,DisassembleLine,i_disassemble_line,barcode,String(50),,False,,737
stockin.py,DisassembleLine,i_disassemble_line,qty,Integer,,False,,739
stockin.py,DisassembleLine,i_disassemble_line,qty_apart,Integer,,False,,741
stockin.py,DisassembleLine,i_disassemble_line,qty_in,Integer,,False,,743
stockin.py,DisassembleLine,i_disassemble_line,qty_scrap,Integer,,False,,745
stockin.py,DisassembleLine,i_disassemble_line,spec,String(50),,False,,747
stockin.py,DisassembleLine,i_disassemble_line,style,String(50),,False,,750
stockin.py,DisassembleLine,i_disassemble_line,color,String(50),,False,,751
stockin.py,DisassembleLine,i_disassemble_line,size,String(50),,False,,752
stockin.py,DisassembleLine,i_disassemble_line,level,String(50),,False,,755
stockin.py,DisassembleLine,i_disassemble_line,twisted,String(50),,False,,757
stockin.py,DisassembleLine,i_disassemble_line,unit,String(20),,False,,760
stockin.py,DisassembleLine,i_disassemble_line,weight_unit,String(10),,False,,761
stockin.py,DisassembleLine,i_disassemble_line,order_id,Integer,,False,,763
stockin.py,DisassembleLine,i_disassemble_line,remark,String(200),,False,,765
stockin.py,DisassembleLine,i_disassemble_line,create_time,DateTime,,False,,766
stockin.py,DisassembleLine,i_disassemble_line,update_time,DateTime,,False,,767
stockin.py,DisassembleItem,i_disassemble_item,id,Integer,,True,,808
stockin.py,DisassembleItem,i_disassemble_item,company_code,String(50),,False,,810
stockin.py,DisassembleItem,i_disassemble_item,warehouse_code,String(50),,False,,811
stockin.py,DisassembleItem,i_disassemble_item,owner_code,String(50),,False,,812
stockin.py,DisassembleItem,i_disassemble_item,order_code,String(50),,False,,814
stockin.py,DisassembleItem,i_disassemble_item,partner_code,String(50),,False,,817
stockin.py,DisassembleItem,i_disassemble_item,partner_str,String(250),,False,,818
stockin.py,DisassembleItem,i_disassemble_item,partner_name,String(50),,False,,819
stockin.py,DisassembleItem,i_disassemble_item,sku,String(50),,False,,822
stockin.py,DisassembleItem,i_disassemble_item,name,String(200),,False,,823
stockin.py,DisassembleItem,i_disassemble_item,barcode,String(50),,False,,824
stockin.py,DisassembleItem,i_disassemble_item,qty_apart,Integer,,False,,826
stockin.py,DisassembleItem,i_disassemble_item,qty_in,Integer,,False,,828
stockin.py,DisassembleItem,i_disassemble_item,qty_scrap,Integer,,False,,830
stockin.py,DisassembleItem,i_disassemble_item,qty_return,Integer,,False,,832
stockin.py,DisassembleItem,i_disassemble_item,location_code,String(50),,False,,834
stockin.py,DisassembleItem,i_disassemble_item,spec,String(50),,False,,836
stockin.py,DisassembleItem,i_disassemble_item,style,String(50),,False,,839
stockin.py,DisassembleItem,i_disassemble_item,color,String(50),,False,,840
stockin.py,DisassembleItem,i_disassemble_item,size,String(50),,False,,841
stockin.py,DisassembleItem,i_disassemble_item,level,String(50),,False,,844
stockin.py,DisassembleItem,i_disassemble_item,twisted,String(50),,False,,846
stockin.py,DisassembleItem,i_disassemble_item,unit,String(20),,False,,849
stockin.py,DisassembleItem,i_disassemble_item,weight_unit,String(10),,False,,850
stockin.py,DisassembleItem,i_disassemble_item,order_id,Integer,,False,,852
stockin.py,DisassembleItem,i_disassemble_item,remark,String(200),,False,,854
stockin.py,DisassembleItem,i_disassemble_item,create_time,DateTime,,False,,855
stockin.py,DisassembleItem,i_disassemble_item,update_time,DateTime,,False,,856
stockout.py,Stockout,o_stockout,id,Integer,,True,,23
stockout.py,Stockout,o_stockout,company_code,String(50),,False,,25
stockout.py,Stockout,o_stockout,warehouse_code,String(50),,False,,26
stockout.py,Stockout,o_stockout,owner_code,String(50),,False,,27
stockout.py,Stockout,o_stockout,order_code,String(50),,False,,29
stockout.py,Stockout,o_stockout,middle_order_code,String(50),,False,,30
stockout.py,Stockout,o_stockout,erp_order_code,String(50),,False,,31
stockout.py,Stockout,o_stockout,merge_order_code,String(50),,False,,34
stockout.py,Stockout,o_stockout,price,Float,,False,,37
stockout.py,Stockout,o_stockout,cost_price,Float,,False,,39
stockout.py,Stockout,o_stockout,alloc_cost_price,Float,,False,,41
stockout.py,Stockout,o_stockout,sale_order_code,String(50),,False,,44
stockout.py,Stockout,o_stockout,produce_order_code,String(50),,False,,45
stockout.py,Stockout,o_stockout,purchase_order_code,String(50),,False,,47
stockout.py,Stockout,o_stockout,fan_order_code,String(50),,False,,49
stockout.py,Stockout,o_stockout,pm_order_code,String(50),,False,,51
stockout.py,Stockout,o_stockout,transfer_in_order_code,String(50),,False,,54
stockout.py,Stockout,o_stockout,transfer_in_order_state,String(10),,False,,56
stockout.py,Stockout,o_stockout,transfer_in_warehouse_code,String(50),,False,,58
stockout.py,Stockout,o_stockout,transfer_in_warehouse_name,String(50),,False,,59
stockout.py,Stockout,o_stockout,transfer_in_owner_code,String(50),,False,,61
stockout.py,Stockout,o_stockout,transfer_in_owner_name,String(50),,False,,62
stockout.py,Stockout,o_stockout,transfer_in_company_code,String(50),,False,,64
stockout.py,Stockout,o_stockout,transfer_in_company_name,String(50),,False,,65
stockout.py,Stockout,o_stockout,return_real,Float,,False,,68
stockout.py,Stockout,o_stockout,return_amount,Float,,False,,70
stockout.py,Stockout,o_stockout,state,"Enum(create,done,cancel,doing)",create|done|cancel|doing,False,,73
stockout.py,Stockout,o_stockout,state_alloc,"Enum(no,part,done)",no|part|done,False,,75
stockout.py,Stockout,o_stockout,state_pick,"Enum(no,part,done)",no|part|done,False,,76
stockout.py,Stockout,o_stockout,state_ship,"Enum(no,part,done)",no|part|done,False,,77
stockout.py,Stockout,o_stockout,waybill_state,"Enum(null,failure,success,created)",null|failure|success|created,False,,80
stockout.py,Stockout,o_stockout,box_seq,Integer,,False,,81
stockout.py,Stockout,o_stockout,xtype,"Enum(B2C,B2B,custom)",B2C|B2B|custom,False,,84
stockout.py,Stockout,o_stockout,order_type,String(50),,False,,88
stockout.py,Stockout,o_stockout,sub_order_type,String(50),,False,,90
stockout.py,Stockout,o_stockout,partner_id,Integer,,False,,93
stockout.py,Stockout,o_stockout,partner_code,String(50),,False,,94
stockout.py,Stockout,o_stockout,partner_name,String(50),,False,,95
stockout.py,Stockout,o_stockout,partner_str,String(250),,False,,96
stockout.py,Stockout,o_stockout,is_qimen,Boolean,,False,,99
stockout.py,Stockout,o_stockout,express_code,String(50),,False,,100
stockout.py,Stockout,o_stockout,express_name,String(50),,False,,101
stockout.py,Stockout,o_stockout,bill_code,String(50),,False,,102
stockout.py,Stockout,o_stockout,reason,String(250),,False,,103
stockout.py,Stockout,o_stockout,erp_biz_code,String(50),,False,,105
stockout.py,Stockout,o_stockout,source,"Enum(erp,custom,import)",erp|custom|import,False,,107
stockout.py,Stockout,o_stockout,erp_source,String(50),,False,,109
stockout.py,Stockout,o_stockout,date_planned,Date,,False,,112
stockout.py,Stockout,o_stockout,date_finished,DateTime,,False,,113
stockout.py,Stockout,o_stockout,is_passback,Boolean,,False,,116
stockout.py,Stockout,o_stockout,custom1,String(50),,False,,119
stockout.py,Stockout,o_stockout,custom2,String(50),,False,,120
stockout.py,Stockout,o_stockout,custom3,String(50),,False,,121
stockout.py,Stockout,o_stockout,custom4,String(50),,False,,122
stockout.py,Stockout,o_stockout,custom_uuid,String(50),,False,,124
stockout.py,Stockout,o_stockout,invoice_info_uuid,String(50),,False,,127
stockout.py,Stockout,o_stockout,supplier_info_uuid,String(50),,False,,129
stockout.py,Stockout,o_stockout,express_info_uuid,String(50),,False,,131
stockout.py,Stockout,o_stockout,sender_name,String(50),,False,,135
stockout.py,Stockout,o_stockout,sender_tel,String(50),,False,,136
stockout.py,Stockout,o_stockout,sender_province,String(250),,False,,137
stockout.py,Stockout,o_stockout,sender_city,String(250),,False,,138
stockout.py,Stockout,o_stockout,sender_area,String(250),,False,,139
stockout.py,Stockout,o_stockout,sender_town,String(250),,False,,140
stockout.py,Stockout,o_stockout,sender_address,String(250),,False,,141
stockout.py,Stockout,o_stockout,receiver_name,String(50),,False,,144
stockout.py,Stockout,o_stockout,receiver_tel,String(50),,False,,145
stockout.py,Stockout,o_stockout,receiver_province,String(250),,False,,146
stockout.py,Stockout,o_stockout,receiver_city,String(250),,False,,147
stockout.py,Stockout,o_stockout,receiver_area,String(250),,False,,148
stockout.py,Stockout,o_stockout,receiver_town,String(250),,False,,149
stockout.py,Stockout,o_stockout,receiver_address,String(250),,False,,150
stockout.py,Stockout,o_stockout,w_user_code,String(20),,False,,153
stockout.py,Stockout,o_stockout,w_user_name,String(20),,False,,154
stockout.py,Stockout,o_stockout,user_code,String(20),,False,,157
stockout.py,Stockout,o_stockout,user_name,String(20),,False,,158
stockout.py,Stockout,o_stockout,remark,String(200),,False,,159
stockout.py,Stockout,o_stockout,create_time,DateTime,,False,,160
stockout.py,Stockout,o_stockout,update_time,DateTime,,False,,161
stockout.py,StockoutLine,o_stockout_line,id,Integer,,True,,419
stockout.py,StockoutLine,o_stockout_line,company_code,String(50),,False,,421
stockout.py,StockoutLine,o_stockout_line,warehouse_code,String(50),,False,,422
stockout.py,StockoutLine,o_stockout_line,owner_code,String(50),,False,,423
stockout.py,StockoutLine,o_stockout_line,order_code,String(50),,False,,425
stockout.py,StockoutLine,o_stockout_line,middle_order_code,String(50),,False,,426
stockout.py,StockoutLine,o_stockout_line,erp_order_code,String(50),,False,,427
stockout.py,StockoutLine,o_stockout_line,lineno,String(20),,False,,429
stockout.py,StockoutLine,o_stockout_line,sku,String(50),,False,,432
stockout.py,StockoutLine,o_stockout_line,name,String(200),,False,,433
stockout.py,StockoutLine,o_stockout_line,barcode,String(50),,False,,434
stockout.py,StockoutLine,o_stockout_line,qty,Integer,,False,,435
stockout.py,StockoutLine,o_stockout_line,location_code,String(50),,False,,438
stockout.py,StockoutLine,o_stockout_line,qty_alloc,Integer,,False,,440
stockout.py,StockoutLine,o_stockout_line,qty_pick,Integer,,False,,441
stockout.py,StockoutLine,o_stockout_line,qty_ship,Integer,,False,,442
stockout.py,StockoutLine,o_stockout_line,qty_self,Integer,,False,,444
stockout.py,StockoutLine,o_stockout_line,partner_id,Integer,,False,,446
stockout.py,StockoutLine,o_stockout_line,partner_name,String(50),,False,,447
stockout.py,StockoutLine,o_stockout_line,supplier_code,String(50),,False,,449
stockout.py,StockoutLine,o_stockout_line,spec,String(50),,False,,451
stockout.py,StockoutLine,o_stockout_line,product_date,Date,,False,,454
stockout.py,StockoutLine,o_stockout_line,expire_date,Date,,False,,455
stockout.py,StockoutLine,o_stockout_line,batch_code,String(50),,False,,456
stockout.py,StockoutLine,o_stockout_line,quality_type,"Enum(ZP,CC,DJ,ZT,JS,XS)",ZP|CC|DJ|ZT|JS|XS,False,,457
stockout.py,StockoutLine,o_stockout_line,style,String(50),,False,,460
stockout.py,StockoutLine,o_stockout_line,color,String(50),,False,,461
stockout.py,StockoutLine,o_stockout_line,size,String(50),,False,,462
stockout.py,StockoutLine,o_stockout_line,unit,String(20),,False,,463
stockout.py,StockoutLine,o_stockout_line,weight_unit,String(10),,False,,464
stockout.py,StockoutLine,o_stockout_line,price,Float,,False,,467
stockout.py,StockoutLine,o_stockout_line,cost_price,Float,,False,,469
stockout.py,StockoutLine,o_stockout_line,cost_per_price,Float,,False,,471
stockout.py,StockoutLine,o_stockout_line,_weight,Float,,False,,475
stockout.py,StockoutLine,o_stockout_line,_gross_weight,Float,,False,,476
stockout.py,StockoutLine,o_stockout_line,_qty_inner,Integer,,False,,478
stockout.py,StockoutLine,o_stockout_line,custom_uuid,String(50),,False,,480
stockout.py,StockoutLine,o_stockout_line,stockout_id,Integer,,False,,483
stockout.py,StockoutLine,o_stockout_line,remark,String(200),,False,,485
stockout.py,StockoutLine,o_stockout_line,create_time,DateTime,,False,,486
stockout.py,StockoutLine,o_stockout_line,update_time,DateTime,,False,,487
stockout.py,StockoutLineTrans,o_stockout_line_trans,id,Integer,,True,,589
stockout.py,StockoutLineTrans,o_stockout_line_trans,company_code,String(50),,False,,591
stockout.py,StockoutLineTrans,o_stockout_line_trans,warehouse_code,String(50),,False,,592
stockout.py,StockoutLineTrans,o_stockout_line_trans,owner_code,String(50),,False,,593
stockout.py,StockoutLineTrans,o_stockout_line_trans,order_code,String(50),,False,,595
stockout.py,StockoutLineTrans,o_stockout_line_trans,middle_order_code,String(50),,False,,596
stockout.py,StockoutLineTrans,o_stockout_line_trans,erp_order_code,String(50),,False,,597
stockout.py,StockoutLineTrans,o_stockout_line_trans,sku,String(50),,False,,599
stockout.py,StockoutLineTrans,o_stockout_line_trans,name,String(200),,False,,600
stockout.py,StockoutLineTrans,o_stockout_line_trans,barcode,String(50),,False,,601
stockout.py,StockoutLineTrans,o_stockout_line_trans,qty,Integer,,False,,604
stockout.py,StockoutLineTrans,o_stockout_line_trans,location_code,String(50),,False,,605
stockout.py,StockoutLineTrans,o_stockout_line_trans,price,Float,,False,,607
stockout.py,StockoutLineTrans,o_stockout_line_trans,xtype,"Enum(alloc,pick,ship,unalloc,unpick,receive)",alloc|pick|ship|unalloc|unpick|receive,False,,610
stockout.py,StockoutLineTrans,o_stockout_line_trans,user_code,String(20),,False,,613
stockout.py,StockoutLineTrans,o_stockout_line_trans,user_name,String(20),,False,,614
stockout.py,StockoutLineTrans,o_stockout_line_trans,w_user_code,String(20),,False,,617
stockout.py,StockoutLineTrans,o_stockout_line_trans,w_user_name,String(20),,False,,618
stockout.py,StockoutLineTrans,o_stockout_line_trans,stockout_id,Integer,,False,,621
stockout.py,StockoutLineTrans,o_stockout_line_trans,stockout_line_id,Integer,,False,,622
stockout.py,StockoutLineTrans,o_stockout_line_trans,remark,String(200),,False,,624
stockout.py,StockoutLineTrans,o_stockout_line_trans,create_time,DateTime,,False,,625
stockout.py,StockoutLineTrans,o_stockout_line_trans,update_time,DateTime,,False,,626
stockout.py,Alloc,o_alloc,id,Integer,,True,,640
stockout.py,Alloc,o_alloc,company_code,String(50),,False,,642
stockout.py,Alloc,o_alloc,warehouse_code,String(50),,False,,643
stockout.py,Alloc,o_alloc,owner_code,String(50),,False,,644
stockout.py,Alloc,o_alloc,order_code,String(50),,False,,646
stockout.py,Alloc,o_alloc,middle_order_code,String(50),,False,,647
stockout.py,Alloc,o_alloc,erp_order_code,String(50),,False,,648
stockout.py,Alloc,o_alloc,series_code,String(50),,False,,652
stockout.py,Alloc,o_alloc,location_code,String(50),,False,,654
stockout.py,Alloc,o_alloc,lpn,String(50),,False,,655
stockout.py,Alloc,o_alloc,inv_id,Integer,,False,,656
stockout.py,Alloc,o_alloc,sku,String(50),,False,,658
stockout.py,Alloc,o_alloc,name,String(50),,False,,659
stockout.py,Alloc,o_alloc,barcode,String(50),,False,,660
stockout.py,Alloc,o_alloc,style,String(50),,False,,662
stockout.py,Alloc,o_alloc,color,String(50),,False,,663
stockout.py,Alloc,o_alloc,size,String(50),,False,,664
stockout.py,Alloc,o_alloc,spec,String(50),,False,,666
stockout.py,Alloc,o_alloc,unit,String(50),,False,,667
stockout.py,Alloc,o_alloc,qty_alloc,Integer,,False,,670
stockout.py,Alloc,o_alloc,qty_pick,Integer,,False,,671
stockout.py,Alloc,o_alloc,qty_ship,Integer,,False,,672
stockout.py,Alloc,o_alloc,stockout_id,Integer,,False,,674
stockout.py,Alloc,o_alloc,stockout_line_id,Integer,,False,,675
stockout.py,Alloc,o_alloc,remark,String(200),,False,,677
stockout.py,Alloc,o_alloc,create_time,DateTime,,False,,678
stockout.py,Alloc,o_alloc,update_time,DateTime,,False,,679
stockout.py,Box,o_box,id,Integer,,True,,705
stockout.py,Box,o_box,company_code,String(50),,False,,707
stockout.py,Box,o_box,warehouse_code,String(50),,False,,708
stockout.py,Box,o_box,owner_code,String(50),,False,,709
stockout.py,Box,o_box,order_code,String(50),,False,,711
stockout.py,Box,o_box,sale_order_code,String(50),,False,,713
stockout.py,Box,o_box,box_code,String(50),,False,,716
stockout.py,Box,o_box,plat_code,String(250),,False,,718
stockout.py,Box,o_box,bill_code,String(50),,False,,720
stockout.py,Box,o_box,sub_bill_code,String(50),,False,,722
stockout.py,Box,o_box,express_code,String(50),,False,,724
stockout.py,Box,o_box,express_name,String(50),,False,,725
stockout.py,Box,o_box,express_type,String(50),,False,,726
stockout.py,Box,o_box,tpl,Text(30000),,False,,728
stockout.py,Box,o_box,remark,String(200),,False,,730
stockout.py,Box,o_box,create_time,DateTime,,False,,731
stockout.py,Box,o_box,update_time,DateTime,,False,,732
stockout.py,BoxLine,o_box_line,id,Integer,,True,,743
stockout.py,BoxLine,o_box_line,company_code,String(50),,False,,745
stockout.py,BoxLine,o_box_line,warehouse_code,String(50),,False,,746
stockout.py,BoxLine,o_box_line,owner_code,String(50),,False,,747
stockout.py,BoxLine,o_box_line,order_code,String(50),,False,,749
stockout.py,BoxLine,o_box_line,sale_order_code,String(50),,False,,751
stockout.py,BoxLine,o_box_line,box_code,String(50),,False,,754
stockout.py,BoxLine,o_box_line,bill_code,String(50),,False,,756
stockout.py,BoxLine,o_box_line,express_code,String(50),,False,,758
stockout.py,BoxLine,o_box_line,express_name,String(50),,False,,759
stockout.py,BoxLine,o_box_line,sku,String(50),,False,,762
stockout.py,BoxLine,o_box_line,name,String(200),,False,,763
stockout.py,BoxLine,o_box_line,barcode,String(50),,False,,764
stockout.py,BoxLine,o_box_line,qty,Integer,,False,,765
stockout.py,BoxLine,o_box_line,spec,String(50),,False,,768
stockout.py,BoxLine,o_box_line,unit,String(20),,False,,769
stockout.py,BoxLine,o_box_line,remark,String(200),,False,,771
stockout.py,BoxLine,o_box_line,create_time,DateTime,,False,,772
stockout.py,BoxLine,o_box_line,update_time,DateTime,,False,,773
stockout.py,BoxLine,o_box_line,order_id,Integer,,False,,776
stockout.py,StockoutMerge,o_stockout_merge,id,Integer,,True,,791
stockout.py,StockoutMerge,o_stockout_merge,company_code,String(50),,False,,793
stockout.py,StockoutMerge,o_stockout_merge,warehouse_code,String(50),,False,,794
stockout.py,StockoutMerge,o_stockout_merge,owner_code,String(50),,False,,795
stockout.py,StockoutMerge,o_stockout_merge,order_code,String(50),,False,,797
stockout.py,StockoutMerge,o_stockout_merge,name,String(50),,False,,798
stockout.py,StockoutMerge,o_stockout_merge,state,"Enum(create,done,cancel,doing)",create|done|cancel|doing,False,,800
stockout.py,StockoutMerge,o_stockout_merge,state_alloc,"Enum(no,part,done)",no|part|done,False,,802
stockout.py,StockoutMerge,o_stockout_merge,state_pick,"Enum(no,part,done)",no|part|done,False,,803
stockout.py,StockoutMerge,o_stockout_merge,state_ship,"Enum(no,part,done)",no|part|done,False,,804
stockout.py,StockoutMerge,o_stockout_merge,user_code,String(20),,False,,807
stockout.py,StockoutMerge,o_stockout_merge,user_name,String(20),,False,,808
stockout.py,StockoutMerge,o_stockout_merge,remark,String(200),,False,,809
stockout.py,StockoutMerge,o_stockout_merge,create_time,DateTime,,False,,810
stockout.py,StockoutMerge,o_stockout_merge,update_time,DateTime,,False,,811
warehouse.py,Warehouse,w_warehouse,id,Integer,,True,,29
warehouse.py,Warehouse,w_warehouse,code,String(50),,False,,30
warehouse.py,Warehouse,w_warehouse,name,String(20),,False,,32
warehouse.py,Warehouse,w_warehouse,tel,String(20),,False,,33
warehouse.py,Warehouse,w_warehouse,email,String(100),,False,,34
warehouse.py,Warehouse,w_warehouse,contact,String(20),,False,,35
warehouse.py,Warehouse,w_warehouse,address,String(100),,False,,36
warehouse.py,Warehouse,w_warehouse,company_code,String(50),,False,,38
warehouse.py,Warehouse,w_warehouse,sharekey,String(200),,False,,40
warehouse.py,Warehouse,w_warehouse,express_code,String(50),,False,,42
warehouse.py,Warehouse,w_warehouse,express_name,String(50),,False,,43
warehouse.py,Warehouse,w_warehouse,remark,String(200),,False,,45
warehouse.py,Warehouse,w_warehouse,create_time,DateTime,,False,,46
warehouse.py,Warehouse,w_warehouse,update_time,DateTime,,False,,47
warehouse.py,Area,w_area,id,Integer,,True,,65
warehouse.py,Area,w_area,code,String(50),,False,,66
warehouse.py,Area,w_area,name,String(20),,False,,67
warehouse.py,Area,w_area,xtype,"Enum(storage,temp,piece,bad,return,repair)",storage|temp|piece|bad|return|repair,False,,70
warehouse.py,Area,w_area,warehouse_code,String(50),,False,,72
warehouse.py,Area,w_area,company_code,String(50),,False,,73
warehouse.py,Area,w_area,remark,String(200),,False,,75
warehouse.py,Area,w_area,create_time,DateTime,,False,,76
warehouse.py,Area,w_area,update_time,DateTime,,False,,77
warehouse.py,Workarea,w_workarea,id,Integer,,True,,102
warehouse.py,Workarea,w_workarea,code,String(50),,False,,103
warehouse.py,Workarea,w_workarea,name,String(20),,False,,104
warehouse.py,Workarea,w_workarea,warehouse_code,String(50),,False,,106
warehouse.py,Workarea,w_workarea,company_code,String(50),,False,,107
warehouse.py,Workarea,w_workarea,is_inner,Boolean,,False,,110
warehouse.py,Workarea,w_workarea,remark,String(200),,False,,112
warehouse.py,Workarea,w_workarea,create_time,DateTime,,False,,113
warehouse.py,Workarea,w_workarea,update_time,DateTime,,False,,114
warehouse.py,Location,w_location,id,Integer,,True,,138
warehouse.py,Location,w_location,code,String(50),,False,,139
warehouse.py,Location,w_location,sharekey,String(200),,False,,142
warehouse.py,Location,w_location,sharecode,String(50),,False,,144
warehouse.py,Location,w_location,sharename,String(50),,False,,146
warehouse.py,Location,w_location,index,Integer,,False,,149
warehouse.py,Location,w_location,priority,"Enum(L1,L2,L3,L4,L5)",L1|L2|L3|L4|L5,False,,151
warehouse.py,Location,w_location,is_inner,Boolean,,False,,153
warehouse.py,Location,w_location,length,String(20),,False,,157
warehouse.py,Location,w_location,width,String(20),,False,,158
warehouse.py,Location,w_location,height,String(20),,False,,159
warehouse.py,Location,w_location,cubage,String(20),,False,,161
warehouse.py,Location,w_location,weight,String(20),,False,,162
warehouse.py,Location,w_location,warehouse_code,String(50),,False,,165
warehouse.py,Location,w_location,company_code,String(50),,False,,166
warehouse.py,Location,w_location,workarea_code,String(50),,False,,167
warehouse.py,Location,w_location,area_code,String(50),,False,,168
warehouse.py,Location,w_location,remark,String(200),,False,,170
warehouse.py,Location,w_location,create_time,DateTime,,False,,171
warehouse.py,Location,w_location,update_time,DateTime,,False,,172
