module,class_name,table_name,bind_key,line,column_count,columns,tenant_fields,state_fields
asyncmodel.py,Async,ext_async,default,24,18,id|name|code|company_code|warehouse_code|owner_code|state|xtype|func|func_name|oss_link|_link|blob_uuid|exc_uuid|async_id|remark|create_time|update_time,company_code|owner_code|warehouse_code,state
auth.py,Company,u_company,auth,27,19,id|code|apikey|uniquekey|host|name|tel|email|contact|address|group|max_users|image_url|is_init|server_url|agent|remark|create_time|update_time,,
auth.py,User,u_user,auth,111,36,id|code|password|xtype|_apikey|department|jobno|post|name|tel|qq|wx|email|contact|address|state|roles|vroles|menus|partner_id|partner_code|partner_name|receiver_name|receiver_tel|receiver_province|receiver_city|receiver_area|receiver_town|receiver_address|owners|warehouses|factories|company_code|remark|create_time|update_time,company_code,state
auth.py,Partner,u_partner,default,301,43,id|code|name|tel|phone|email|contact|address|company_name|express_on|express_type|express_code|express_name|express_month_code|express_bid|express_appkey|express_secret|express_passwd|sender_name|sender_tel|sender_province|sender_city|sender_area|sender_town|sender_address|receiver_name|receiver_tel|receiver_province|receiver_city|receiver_area|receiver_town|receiver_address|qimen_type|qimen_url|qimen_customerid|qimen_secret|xtype|stype|company_code|coopkey|remark|create_time|update_time,company_code,
auth.py,Big,s_big,default,713,8,id|uuid|code|subcode|company_code|blob|create_time|update_time,company_code,
auth.py,Config,s_config,default,733,26,id|company_code|warehouse_code|owner_code|code|subcode|label|xtype|multi|index|options_multi|str1|str2|str3|int1|int2|int3|bool1|bool2|bool3|float1|float2|float3|remark|create_time|update_time,company_code|owner_code|warehouse_code,
auth.py,Seq,s_seq,default,778,9,id|company_code|warehouse_code|owner_code|code|seq|month|create_time|update_time,company_code|owner_code|warehouse_code,
auth.py,Did,s_did,default,831,19,id|user_code|code|subcode|col|str1|str2|int1|int2|bool1|bool2|float1|float2|company_code|warehouse_code|owner_code|remark|create_time|update_time,company_code|owner_code|warehouse_code,
auth.py,Contact,ext_contact,default,868,8,id|name|tel|email|content|remark|create_time|update_time,,
finance.py,Money,f_money,default,23,29,id|owner_code|company_code|warehouse_code|pay_type|code|subcode|partner_id|partner_code|partner_str|partner_name|contact_name|contact_tel|xtype|amount|bad|real|ref_user_code|come|invoice_type|invoice_no|invoice_url|state|date_finished|date_forcount|user_code|remark|create_time|update_time,company_code|owner_code|warehouse_code,state
finance.py,MoneyLine,f_money_line,default,127,13,id|owner_code|company_code|warehouse_code|money_id|real|ref_user_code|account_id|account_longname|user_code|remark|create_time|update_time,company_code|owner_code|warehouse_code,
finance.py,MoneySummary,f_money_summary,default,167,12,id|owner_code|company_code|warehouse_code|xtype|amount|real|come|month|remark|create_time|update_time,company_code|owner_code|warehouse_code,
finance.py,MoneyAccount,f_money_account,default,205,12,id|owner_code|company_code|warehouse_code|organ|name|account|longname|state|remark|create_time|update_time,company_code|owner_code|warehouse_code,state
inv.py,Inv,inv,default,20,38,id|owner_code|company_code|warehouse_code|location_code|area_code|workarea_code|category_code|sku|name|name_en|barcode|brand|qty|qty_alloc|qty_able|qty_freeze|stockin_date|partner_name|supplier_code|quality_type|product_date|expire_date|batch_code|virtual_warehouse|spec|style|color|size|unit|weight_unit|lpn|refid|refin_order_code|price|remark|create_time|update_time,company_code|owner_code|warehouse_code,
inv.py,InvRfid,inv_rfid,default,157,51,id|owner_code|company_code|warehouse_code|inv_id|qty|rfid|_weight|_gross_weight|_qty_inner|source|printed|state|location_code|area_code|workarea_code|category_code|sku|name|name_en|barcode|brand|partner_name|supplier_code|quality_type|product_date|expire_date|batch_code|virtual_warehouse|spec|style|color|size|unit|weight_unit|lpn|stockin_order_code|stockin_date|in_user_code|in_user_name|in_w_user_code|in_w_user_name|stockout_order_code|stockout_date|out_user_code|out_user_name|out_w_user_code|out_w_user_name|remark|create_time|update_time,company_code|owner_code|warehouse_code,state
inv.py,InvRfidTrans,inv_rfid_trans,default,305,18,id|owner_code|company_code|warehouse_code|rfid|sku|name|barcode|user_code|user_name|w_user_code|w_user_name|xtype|order_type|order_code|remark|create_time|update_time,company_code|owner_code|warehouse_code,
inv.py,InvTrans,inv_trans,default,341,25,id|owner_code|company_code|warehouse_code|location_code|area_code|category_code|sku|name|barcode|before_qty|change_qty|after_qty|price|qty_able|xtype|xtype_opt|order_code|erp_order_code|user_code|user_name|inventory_id|remark|create_time|update_time,company_code|owner_code|warehouse_code,
inv.py,Category,inv_category,default,394,8,id|code|name|owner_code|company_code|remark|create_time|update_time,company_code|owner_code,
inv.py,Good,inv_good,default,425,54,id|code|name|name_en|barcode|middle_code|is_produce|has_subs|spec|state|length|width|height|volume|weight|gross_weight|weight_unit|index|min_qty|max_qty|price|cost_price|last_in_price|last_out_price|source|appid|quality_month|model_price|express_price|lv1_price|lv2_price|lv3_price|is_sync|image_url|images|ad_images|area_code|location_code|style|color|size|unit|args|item_type|brand|category_code|is_shelf_life|owner_code|company_code|custom_uuid|version|remark|create_time|update_time,company_code|owner_code,state
inv.py,GoodMap,inv_good_map,default,653,14,id|code|name|name_en|barcode|subcode|subname|subbarcode|qty|owner_code|company_code|remark|create_time|update_time,company_code|owner_code,
inv.py,InvAdjust,inv_adjust,default,729,35,id|code|count_code|owner_code|warehouse_code|company_code|location_code|sku|name|barcode|qty_before|qty_after|qty_diff|series_code|count_series_code|stockin_date|source|partner_name|supplier_code|quality_type|product_date|expire_date|batch_code|virtual_warehouse|spec|style|color|size|lpn|state|user_code|user_name|remark|create_time|update_time,company_code|owner_code|warehouse_code,state
inv.py,InvCount,inv_count,default,800,34,id|code|owner_code|warehouse_code|company_code|location_code|sku|name|barcode|qty|qty_real|qty_alloc|series_code|adjust_series_code|stockin_date|source|partner_name|supplier_code|quality_type|product_date|expire_date|batch_code|virtual_warehouse|spec|style|color|size|lpn|state|user_code|user_name|remark|create_time|update_time,company_code|owner_code|warehouse_code,state
inv.py,InvMove,inv_move,default,859,37,id|code|stockin_order_code|owner_code|warehouse_code|dest_warehouse_code|company_code|location_code|dest_location_code|sku|name|barcode|qty|qty_real|series_code|move_type|stockin_date|source|partner_name|supplier_code|quality_type|product_date|expire_date|batch_code|virtual_warehouse|spec|style|color|size|lpn|dest_lpn|state|user_code|user_name|remark|create_time|update_time,company_code|owner_code|warehouse_code,state
inv.py,InvWarn,inv_warn,default,927,15,id|owner_code|warehouse_code|company_code|location_code|sku|name|barcode|min_qty|max_qty|supplier_code|spec|remark|create_time|update_time,company_code|owner_code|warehouse_code,
stockin.py,Stockin,i_stockin,default,15,75,id|company_code|warehouse_code|owner_code|order_code|erp_order_code|middle_order_code|sale_order_code|purchase_order_code|produce_order_code|fan_order_code|pm_order_code|pm_order_code_pick|move_order_code|disassemble_order_code|transfer_out_order_code|transfer_out_order_state|transfer_out_warehouse_code|transfer_out_warehouse_name|transfer_out_owner_code|transfer_out_owner_name|transfer_out_company_code|transfer_out_company_name|price|_weight|_gross_weight|_qty_inner|return_real|return_amount|xtype|order_type|partner_id|partner_code|partner_name|partner_str|date_planned|date_planned_end|date_finished|state|erp_biz_code|source|erp_source|is_passback|custom1|custom2|custom3|custom4|custom_uuid|invoice_info_uuid|supplier_info_uuid|express_info_uuid|is_qimen|express_code|express_name|bill_code|reason|sender_name|sender_tel|sender_province|sender_city|sender_area|sender_town|sender_address|receiver_name|receiver_tel|receiver_province|receiver_city|receiver_area|receiver_town|receiver_address|user_code|user_name|remark|create_time|update_time,company_code|owner_code|warehouse_code,state
stockin.py,StockinLine,i_stockin_line,default,392,39,id|company_code|warehouse_code|owner_code|order_code|middle_order_code|erp_order_code|lineno|sku|name|barcode|middle_sku|qty|qty_real|location_code|stockin_date|partner_id|partner_name|supplier_code|quality_type|product_date|expire_date|batch_code|virtual_warehouse|spec|style|color|size|unit|weight_unit|price|_weight|_gross_weight|_qty_inner|custom_uuid|stockin_id|remark|create_time|update_time,company_code|owner_code|warehouse_code,
stockin.py,StockinLineTrans,i_stockin_line_trans,default,571,25,id|company_code|warehouse_code|owner_code|order_code|middle_order_code|erp_order_code|sku|name|barcode|qty|qty_real|price|inv_id|location_code|lpn|user_code|user_name|w_user_code|w_user_name|stockin_id|stockin_line_id|remark|create_time|update_time,company_code|owner_code|warehouse_code,
stockin.py,Disassemble,i_disassemble,default,629,17,id|owner_code|company_code|warehouse_code|order_code|state|date_finished|partner_code|partner_str|partner_name|stockin_id|stockin_order_code|user_code|user_name|remark|create_time|update_time,company_code|owner_code|warehouse_code,state
stockin.py,DisassembleLine,i_disassemble_line,default,719,24,id|company_code|warehouse_code|owner_code|order_code|sku|name|barcode|qty|qty_apart|qty_in|qty_scrap|spec|style|color|size|level|twisted|unit|weight_unit|order_id|remark|create_time|update_time,company_code|owner_code|warehouse_code,
stockin.py,DisassembleItem,i_disassemble_item,default,801,28,id|company_code|warehouse_code|owner_code|order_code|partner_code|partner_str|partner_name|sku|name|barcode|qty_apart|qty_in|qty_scrap|qty_return|location_code|spec|style|color|size|level|twisted|unit|weight_unit|order_id|remark|create_time|update_time,company_code|owner_code|warehouse_code,
stockout.py,Stockout,o_stockout,default,15,79,id|company_code|warehouse_code|owner_code|order_code|middle_order_code|erp_order_code|merge_order_code|price|cost_price|alloc_cost_price|sale_order_code|produce_order_code|purchase_order_code|fan_order_code|pm_order_code|transfer_in_order_code|transfer_in_order_state|transfer_in_warehouse_code|transfer_in_warehouse_name|transfer_in_owner_code|transfer_in_owner_name|transfer_in_company_code|transfer_in_company_name|return_real|return_amount|state|state_alloc|state_pick|state_ship|waybill_state|box_seq|xtype|order_type|sub_order_type|partner_id|partner_code|partner_name|partner_str|is_qimen|express_code|express_name|bill_code|reason|erp_biz_code|source|erp_source|date_planned|date_finished|is_passback|custom1|custom2|custom3|custom4|custom_uuid|invoice_info_uuid|supplier_info_uuid|express_info_uuid|sender_name|sender_tel|sender_province|sender_city|sender_area|sender_town|sender_address|receiver_name|receiver_tel|receiver_province|receiver_city|receiver_area|receiver_town|receiver_address|w_user_code|w_user_name|user_code|user_name|remark|create_time|update_time,company_code|owner_code|warehouse_code,state|state_alloc|state_pick|state_ship
stockout.py,StockoutLine,o_stockout_line,default,408,41,id|company_code|warehouse_code|owner_code|order_code|middle_order_code|erp_order_code|lineno|sku|name|barcode|qty|location_code|qty_alloc|qty_pick|qty_ship|qty_self|partner_id|partner_name|supplier_code|spec|product_date|expire_date|batch_code|quality_type|style|color|size|unit|weight_unit|price|cost_price|cost_per_price|_weight|_gross_weight|_qty_inner|custom_uuid|stockout_id|remark|create_time|update_time,company_code|owner_code|warehouse_code,
stockout.py,StockoutLineTrans,o_stockout_line_trans,default,583,23,id|company_code|warehouse_code|owner_code|order_code|middle_order_code|erp_order_code|sku|name|barcode|qty|location_code|price|xtype|user_code|user_name|w_user_code|w_user_name|stockout_id|stockout_line_id|remark|create_time|update_time,company_code|owner_code|warehouse_code,
stockout.py,Alloc,o_alloc,default,633,27,id|company_code|warehouse_code|owner_code|order_code|middle_order_code|erp_order_code|series_code|location_code|lpn|inv_id|sku|name|barcode|style|color|size|spec|unit|qty_alloc|qty_pick|qty_ship|stockout_id|stockout_line_id|remark|create_time|update_time,company_code|owner_code|warehouse_code,
stockout.py,Box,o_box,default,698,17,id|company_code|warehouse_code|owner_code|order_code|sale_order_code|box_code|plat_code|bill_code|sub_bill_code|express_code|express_name|express_type|tpl|remark|create_time|update_time,company_code|owner_code|warehouse_code,
stockout.py,BoxLine,o_box_line,default,735,20,id|company_code|warehouse_code|owner_code|order_code|sale_order_code|box_code|bill_code|express_code|express_name|sku|name|barcode|qty|spec|unit|remark|create_time|update_time|order_id,company_code|owner_code|warehouse_code,
stockout.py,StockoutMerge,o_stockout_merge,default,784,15,id|company_code|warehouse_code|owner_code|order_code|name|state|state_alloc|state_pick|state_ship|user_code|user_name|remark|create_time|update_time,company_code|owner_code|warehouse_code,state|state_alloc|state_pick|state_ship
warehouse.py,Warehouse,w_warehouse,default,19,14,id|code|name|tel|email|contact|address|company_code|sharekey|express_code|express_name|remark|create_time|update_time,company_code,
warehouse.py,Area,w_area,default,55,9,id|code|name|xtype|warehouse_code|company_code|remark|create_time|update_time,company_code|warehouse_code,
warehouse.py,Workarea,w_workarea,default,92,9,id|code|name|warehouse_code|company_code|is_inner|remark|create_time|update_time,company_code|warehouse_code,
warehouse.py,Location,w_location,default,131,20,id|code|sharekey|sharecode|sharename|index|priority|is_inner|length|width|height|cubage|weight|warehouse_code|company_code|workarea_code|area_code|remark|create_time|update_time,company_code|warehouse_code,
